Countries,Government Size,Economic Freedom
Kuwait,1.190589137,5.46
Jordan,1.529411765,4.83
Togo,1.602104179,3.89
Sweden,1.62691625,5.66
Sweden,1.743562254,5.31
Slovenia,1.752704385,5.31
Israel,1.822888283,3.5
Syria,1.94732609,3.01
Poland,1.999191078,3.51
Nigeria,2.192423594,3.44
Jamaica,2.227593135,3.98
Guyana,2.362745098,6.23
"Congo, Rep. Of",2.372894879,4.3
Slovak Rep,2.392156863,5.42
Nigeria,2.493206444,3.5
Zambia,2.497661885,4.11
Bulgaria,2.544540589,4.17
Zambia,2.559141272,4.73
Sweden,2.599582572,7.32
Sweden,2.610687502,6.45
Sweden,2.618715668,6.96
Poland,2.620392149,5.28
China,2.626018495,3.64
Guyana,2.62745098,6.34
Israel,2.656675749,4.03
Sweden,2.686209729,5.34
Finland,2.689796761,7.52
Israel,2.738774373,4.04
Guyana,2.743137255,5.76
Czech Rep.,2.813030629,5.76
Austria,2.819437203,7.15
"Congo, Rep. Of",2.861857269,4.67
Norway,2.869319815,5.72
Guinea-Bissau,2.870588235,4.8
Hungary,2.916035528,4.48
Egypt,2.91690709,3.75
Hungary,2.935856098,4.89
Norway,2.939555426,6.99
Italy,2.962527432,5.78
Kuwait,2.972868271,3.69
United Kingdom,2.995349816,6.06
Austria,3.047315599,6.46
Norway,3.055012823,5.57
Denmark,3.057371601,6.24
Guyana,3.058823529,6.27
Denmark,3.072011862,7.73
Norway,3.08774655,7.14
Israel,3.103102992,5.91
Austria,3.109224436,6.95
France,3.129519299,6.03
Barbados,3.137648803,6.12
Denmark,3.142467851,6.37
Austria,3.144804714,6.45
Zambia,3.146844219,3.55
Kuwait,3.152588556,4.98
Denmark,3.167304022,7.16
Algeria,3.174870489,4.95
Norway,3.174880205,7.57
Norway,3.183098173,7.26
France,3.22212902,6.97
Norway,3.248049202,6.39
Sweden,3.249236871,7.39
Algeria,3.251466427,3.59
Norway,3.25497643,7.36
Italy,3.330671828,6.75
Niger,3.348529412,4.76
China,3.352941176,5.75
Netherlands,3.360378266,7.48
Nicaragua,3.361716621,1.97
Sweden,3.367954252,7.53
China,3.370588235,5.84
Algeria,3.37715059,5.07
Sweden,3.397343696,7.44
Sweden,3.401558902,7.48
Algeria,3.402811665,5.04
Denmark,3.414625741,7.66
Nicaragua,3.427792916,2.87
Sweden,3.432831705,7.61
Guinea-Bissau,3.436764706,4.78
Netherlands,3.445800611,7.44
Guinea-Bissau,3.455882353,5.05
Algeria,3.461635195,5.01
Sweden,3.466707405,7.58
Guyana,3.479019078,3.27
Algeria,3.48222343,4.83
Angola,3.482747012,4.44
Algeria,3.494739302,5.16
Sweden,3.502865917,7.47
Sweden,3.5028932,7.44
France,3.528948251,7.04
Guinea-Bissau,3.533823529,4.84
New Zealand,3.538276849,6.29
Algeria,3.540150665,5.18
United Kingdom,3.558029231,5.94
France,3.564833718,7.47
Tanzania,3.582434599,3.81
Netherlands,3.586045687,7.54
Trinidad & Tob.,3.588235294,4.33
Denmark,3.599627344,7.88
Belgium,3.602460091,7.32
Benin,3.603398844,4.26
"Congo, Dem. R.",3.603976802,4.26
Sweden,3.61219346,7.4
Algeria,3.616782254,4.99
Belgium,3.619282812,7.35
Botswana,3.619563709,5.34
Sweden,3.620602928,7.44
Portugal,3.632234064,5.62
Denmark,3.633290591,6.09
Netherlands,3.639986376,7.58
China,3.645600588,4.09
Syria,3.647058824,5.26
Sweden,3.655296705,7.43
Sweden,3.656058479,7.62
Ireland,3.664671822,5.96
Sweden,3.665455869,7.65
Sweden,3.666286527,7.67
Sweden,3.667504895,7.5
Algeria,3.711635195,5.06
Angola,3.723248427,3.81
Israel,3.724710194,4.48
Hungary,3.726114621,6.17
Sweden,3.727981247,7.46
Denmark,3.729832505,7.77
Niger,3.730882353,4.72
Uganda,3.734190716,2.75
Greece,3.735834395,5.1
Guinea-Bissau,3.739705882,4.81
Italy,3.747148961,6.62
Syria,3.748077258,4.95
Sweden,3.748188812,7.57
Hungary,3.765304122,4.07
Botswana,3.778772326,5.66
Denmark,3.786335463,7.56
Germany,3.788561201,6.76
Kenya,3.789080226,4.84
Tanzania,3.79013063,3.79
Guyana,3.791176471,5.85
Trinidad & Tob.,3.791812613,4.86
Denmark,3.806310598,7.89
Burundi,3.806593899,5.23
Niger,3.808116652,4.04
Denmark,3.809770498,7.68
Niger,3.814115329,4.66
New Zealand,3.822641642,6.44
Guinea-Bissau,3.825,5.05
Central Afr. Rep.,3.826179805,4.63
Netherlands,3.834361735,7.62
France,3.835935144,7.23
Central Afr. Rep.,3.836604552,4.29
Syria,3.842781155,3.69
"Congo, Rep. Of",3.845303735,4.53
Guyana,3.848039216,6.45
Belgium,3.854074508,7.43
Netherlands,3.8548965,7.74
Portugal,3.855217756,5.46
Tunisia,3.860419621,4.37
Netherlands,3.875245072,7.72
Belgium,3.875398037,7.32
Greece,3.887538532,6.45
Denmark,3.896157831,7.88
Austria,3.905916413,6.04
Netherlands,3.906668345,7.73
Belgium,3.909317851,7.28
Belgium,3.90973654,7.59
China,3.910856195,4.82
Angola,3.917641716,4.57
Niger,3.917647059,4.81
Belgium,3.923812022,7.35
Belgium,3.926230165,7.38
Netherlands,3.933138933,7.71
Barbados,3.936995164,6.1
Luxembourg,3.938267351,7.48
Belgium,3.938828828,7.37
United Kingdom,3.941401907,6.72
France,3.943413038,7.33
Kenya,3.944679754,5.28
Greece,3.945324319,6.81
Egypt,3.945531918,4.32
Barbados,3.948431685,5.83
Central Afr. Rep.,3.952941176,4.74
Niger,3.955882353,5.02
Netherlands,3.956260732,7.96
Chile,3.95630109,3.34
France,3.956350376,7.32
Zambia,3.967036466,3.1
Angola,3.970588235,4.41
Guinea-Bissau,3.975,4.94
Portugal,3.984154819,5.51
Belgium,3.990036464,7.39
Belgium,3.99411364,6.75
Tanzania,4,4.36
Israel,4.000572596,4.79
Czech Rep.,4.012307187,6.82
China,4.021937124,5.07
Croatia,4.026255728,6.28
Luxembourg,4.027368168,7.53
Luxembourg,4.02794581,7.46
Bulgaria,4.033358751,4.82
"Congo, Rep. Of",4.033377341,4.39
Denmark,4.034841321,7.71
Benin,4.039910175,4.2
Belgium,4.041577513,7.32
Algeria,4.058423884,5.36
Netherlands,4.059334429,7.66
France,4.062204446,7.38
Cote d'Ivoire,4.065398933,4.91
Guyana,4.071568627,6.04
Netherlands,4.075507164,7.72
Denmark,4.082037151,7.81
Netherlands,4.08618168,7.58
Italy,4.099441697,5.58
Denmark,4.108414157,7.75
France,4.113772239,7.32
Netherlands,4.114776018,7.64
France,4.11497897,7.31
Madagascar,4.127070532,3.87
Finland,4.127550513,7.71
Ukraine,4.130275338,4.92
Denmark,4.134149451,7.77
Netherlands,4.137697489,7.75
"Congo, Rep. Of",4.143097852,4.63
Croatia,4.145832081,6
Finland,4.150683866,6.99
Finland,4.151079924,7.65
Denmark,4.152548845,8.01
Malawi,4.158587113,5.12
Spain,4.15936551,7.18
Benin,4.16786481,4.54
Luxembourg,4.167885568,7.64
Luxembourg,4.169356156,7.6
Central Afr. Rep.,4.175,4.95
Belgium,4.191136463,7.56
France,4.192064126,7.36
Albania,4.193025324,4.58
Tunisia,4.194167707,4.55
France,4.194322649,7.35
Sri Lanka,4.195537074,4.54
Belgium,4.197427472,7.3
Spain,4.200871564,6.14
Denmark,4.202134096,8
Poland,4.206918036,3.68
Guyana,4.212745098,6
Algeria,4.213483634,5.68
France,4.215739946,6.05
France,4.220057943,7.25
France,4.220356802,7.27
India,4.228596107,5.08
Denmark,4.228814872,8.06
Mali,4.231535012,4.84
Kenya,4.234695063,4.8
Hungary,4.235223994,7.13
Burundi,4.236764706,3.97
Burundi,4.238443061,5.22
Guyana,4.25,6.21
Guinea-Bissau,4.250644109,5.19
Netherlands,4.253227005,7.75
Ireland,4.257072567,6.53
Algeria,4.257093899,4.95
France,4.258579415,7.23
Algeria,4.258888509,5.04
Germany,4.26184084,7.27
Slovenia,4.262028624,7.01
Barbados,4.276186088,6.22
Niger,4.27986211,4.51
Netherlands,4.281420899,7.34
Denmark,4.281930197,7.88
Slovenia,4.288255329,6.82
Luxembourg,4.288814903,7.51
Sri Lanka,4.290427829,4.71
Botswana,4.29359673,6.4
Bangladesh,4.296251143,3.28
Chad,4.301111476,4.45
Malta,4.302669489,5.54
Belgium,4.303640976,7.38
Belgium,4.305462129,7.47
Croatia,4.309230245,6.54
Belgium,4.31332946,7.39
Malawi,4.316465355,4.31
Guinea-Bissau,4.324975188,2.9
Algeria,4.324990491,3.79
Iran,4.330527225,3.73
Bangladesh,4.333333333,3.59
Belgium,4.335263544,7.41
Netherlands,4.338738555,7.29
Germany,4.342502805,7.18
Azerbaijan,4.344933908,5.97
Luxembourg,4.344989404,7.97
Netherlands,4.346073089,6.6
"Congo, Rep. Of",4.348083223,4.69
Lesotho,4.350466252,5.84
Luxembourg,4.351362398,7.6
Belgium,4.35222376,7.55
Portugal,4.353480125,3.74
Germany,4.360148452,7.62
Egypt,4.369227389,4.41
Burundi,4.372746665,4.66
Syria,4.378468561,3.32
Greece,4.379450297,6.46
Guyana,4.381563727,5
Finland,4.389037577,7.7
Denmark,4.392080061,7.97
Botswana,4.393949351,6.76
Turkey,4.39812835,3.59
Ukraine,4.398671502,5.3
Netherlands,4.400371143,7.73
Luxembourg,4.40213399,7.9
Czech Rep.,4.402475557,6.94
Slovenia,4.408527246,6.75
Burundi,4.408617865,5.18
New Zealand,4.411714618,5.77
Finland,4.412270839,6.77
Australia,4.415127582,7.16
Norway,4.41606397,6.19
Denmark,4.417556358,7.97
Finland,4.4190684,7.87
Botswana,4.423361116,6.85
Germany,4.426456467,7.4
Madagascar,4.428443721,4.21
Finland,4.435505097,7.81
France,4.438010899,7.33
Syria,4.439004648,4.88
Finland,4.450216503,7.71
Czech Rep.,4.450829808,6.98
Norway,4.458012377,7.66
Finland,4.458017582,7.79
Finland,4.458736224,7.9
"Congo, Rep. Of",4.46720087,4.55
Finland,4.469032437,7.86
Norway,4.469397226,7.65
Portugal,4.479201764,7
Finland,4.484534781,7.79
Venezuela,4.486107549,4.72
Czech Rep.,4.488892451,7.03
Finland,4.489839644,7.9
Belgium,4.491344767,7.52
Slovenia,4.493809104,6.83
Norway,4.49513252,7.6
India,4.49523059,4.72
Finland,4.499955003,7.9
Finland,4.501546353,7.98
Bulgaria,4.510094605,5.55
Hungary,4.517546883,7
Finland,4.521618048,7.87
Uganda,4.522021008,2.74
Oman,4.533714916,6.64
Oman,4.533714916,6.76
Oman,4.533714916,6.98
Oman,4.533714916,7.05
Guinea-Bissau,4.534036178,4.87
Burundi,4.534850092,3.92
Japan,4.535267724,7.47
Azerbaijan,4.536504247,6.11
"Congo, Rep. Of",4.537987721,4.26
Botswana,4.541008174,7.05
Botswana,4.541008174,7.1
Slovenia,4.543686681,7.08
Burundi,4.544596232,5.01
Egypt,4.544847629,4.72
China,4.547834188,6.27
China,4.547834188,6.28
Tanzania,4.551470588,3.46
Croatia,4.551845248,6.47
China,4.552981247,6.16
China,4.553716541,6.31
South Africa,4.555393493,5.23
Guinea-Bissau,4.556333905,4.3
Iran,4.55718797,3.53
Croatia,4.557973039,6.61
China,4.5588636,6.26
Luxembourg,4.559159797,7.61
Japan,4.55953243,7.46
Tunisia,4.564763963,5.58
Belgium,4.566382194,7.76
Syria,4.570058572,4.08
Belgium,4.570480823,7.41
Slovenia,4.57109375,7.02
Luxembourg,4.575537184,7.98
Malawi,4.575665833,4.89
Israel,4.584954836,6.87
Ukraine,4.586157691,4.71
Zimbabwe,4.586648501,2.93
Zimbabwe,4.586648501,2.96
Barbados,4.590090559,6.31
Algeria,4.5957322,3.33
Jordan,4.596504606,5.5
Vietnam,4.601759576,5.61
United Kingdom,4.60508695,7.71
Venezuela,4.612578138,3.91
Oman,4.612665422,7.04
China,4.614745953,6.07
Azerbaijan,4.617126142,6.06
China,4.617871454,6.09
"Congo, Rep. Of",4.618671458,4.81
Timor-Leste,4.621345078,6
Hungary,4.627975236,7.09
France,4.628321846,5.81
Oman,4.630012823,6.91
Morocco,4.633023573,4.29
China,4.634232249,5.98
Lesotho,4.634794951,5.74
Hungary,4.638052973,7.2
"Congo, Rep. Of",4.639173384,4.48
Slovenia,4.639451029,6.84
Colombia,4.640537568,5.67
Luxembourg,4.644912747,7.93
Hungary,4.645073329,7.15
Israel,4.651264843,6.84
Croatia,4.652885078,6.68
Czech Rep.,4.654293419,6.87
France,4.658070204,7.42
Turkey,4.659164129,3.83
"Congo, Rep. Of",4.659274323,4.54
China,4.666334749,6.15
Spain,4.666421507,6.56
Finland,4.667884127,6.5
Ireland,4.668536155,6.46
Malta,4.671076424,5.34
Burundi,4.672047213,5.46
Hungary,4.672156996,7.22
Malta,4.673121456,5.57
Benin,4.673318541,4.56
Greece,4.67447798,6.88
Mozambique,4.680392157,5.61
Burundi,4.681346981,4.44
Croatia,4.68388754,6.96
Croatia,4.68388754,7.04
Croatia,4.686828717,7
Venezuela,4.68978402,2.88
Fiji,4.691700347,5.72
Pakistan,4.698082625,3.51
Central Afr. Rep.,4.703805227,4.87
"Congo, Dem. R.",4.707414216,3.53
Venezuela,4.708984218,3.32
Australia,4.709452637,6.06
Guinea-Bissau,4.710784314,5.25
France,4.718226179,7.43
Czech Rep.,4.723102923,6.82
Luxembourg,4.723166199,7.78
Benin,4.724113394,5.25
Iran,4.726322327,5.64
Pakistan,4.728240224,4.83
Algeria,4.730597052,4.94
Slovenia,4.730911633,7.01
Luxembourg,4.731913182,8.07
Croatia,4.732390173,6.9
Egypt,4.732476857,5.79
Norway,4.737678578,7.5
Mozambique,4.742369569,5.47
Botswana,4.742806618,5.92
Mozambique,4.743137255,5.61
Japan,4.747094887,7.54
Malawi,4.74937093,4.48
Libya,4.75,4.74
Libya,4.75,4.78
Libya,4.75,4.81
Libya,4.75,4.89
Guyana,4.750980392,6.3
Croatia,4.752248687,6.34
Mozambique,4.752941176,5.49
Fiji,4.754188596,5.57
Luxembourg,4.755443581,7.6
Luxembourg,4.758080221,7.62
Botswana,4.759536785,7.2
Botswana,4.759536785,7.22
Botswana,4.759536785,7.44
Guinea-Bissau,4.765202267,4.93
Hungary,4.765497079,7.19
Namibia,4.767958018,5.64
Italy,4.769358724,6.97
Jordan,4.769592565,5.13
"Congo, Rep. Of",4.770343805,4.72
Austria,4.773015934,7.96
Slovenia,4.776774916,7.05
Luxembourg,4.778208419,8.18
Austria,4.778672579,7.8
Netherlands,4.779687666,7.96
Syria,4.780405411,5.13
Croatia,4.781355185,6.9
Slovenia,4.782562677,6.95
Ukraine,4.787401827,5.4
Cape Verde,4.792010887,6.62
Luxembourg,4.794714698,7.62
Norway,4.79802252,7.47
Kenya,4.801284622,5.11
"Congo, Rep. Of",4.807392111,4.77
Greece,4.810382756,5.95
Guyana,4.811764706,6.33
Morocco,4.813559221,4.74
Burkina Faso,4.81880109,5.93
Panama,4.81956256,6.07
Mozambique,4.82254902,5.67
Oman,4.822888283,6.63
Lesotho,4.823580458,5.98
Ghana,4.823822366,4.95
Iceland,4.826582786,6.48
Kenya,4.83326546,5.37
Kuwait,4.834695731,6.41
Tanzania,4.83627451,6.03
Malaysia,4.83639859,6.61
Oman,4.836512262,6.2
Lesotho,4.836531635,6.49
Austria,4.837385241,7.84
Tanzania,4.838235294,6.04
Croatia,4.839696158,6.93
Japan,4.842620665,7.52
Venezuela,4.842725196,4.22
Czech Rep.,4.843811028,6.74
Algeria,4.844199507,5.63
Austria,4.845168321,7.66
Lesotho,4.845940789,6.08
Croatia,4.847683619,6.24
Panama,4.848733771,7.32
Belize,4.85658573,5.9
Guyana,4.858823529,6.31
Azerbaijan,4.860728883,6.15
Bolivia,4.862254622,4.08
Lesotho,4.871825753,6.47
Venezuela,4.875019795,4.36
Czech Rep.,4.875428873,7.17
Venezuela,4.87728402,3.82
India,4.879712907,4.79
Luxembourg,4.881020596,8.18
Greece,4.881683436,6.88
India,4.881822007,4.27
Cape Verde,4.882112433,6.56
Lesotho,4.882119871,6.38
Syria,4.884873176,5.17
Burkina Faso,4.890244163,5.9
Canada,4.89029003,8
Hungary,4.890497079,7.22
Tunisia,4.892142882,4.44
Senegal,4.892158796,4.32
Gabon,4.895698429,5.37
"Congo, Rep. Of",4.895854324,4.5
Austria,4.89816477,7.62
Lesotho,4.898421375,6.03
Slovenia,4.905268912,6.91
Lesotho,4.905423022,6.19
Venezuela,4.908901667,4.73
Taiwan,4.914890207,6.58
Ireland,4.919903029,7.67
"Congo, Dem. R.",4.920351819,3.92
Namibia,4.920593938,4.9
Angola,4.920653732,5.28
Slovenia,4.923517654,6.58
Iran,4.924391577,5.57
Lesotho,4.924766929,6.32
France,4.925492867,7.42
Turkey,4.92589955,4.65
Croatia,4.929040624,6.3
"Congo, Rep. Of",4.932835876,4.66
Netherlands,4.935417615,7.56
Oman,4.936111556,7.23
Gabon,4.938345488,5.44
Venezuela,4.93978402,2.96
Venezuela,4.93978402,3.28
Mali,4.939907278,5.82
Hungary,4.940052492,7.31
Gabon,4.941837508,4.38
Mali,4.943583748,5.8
Argentina,4.944063721,4.49
Tanzania,4.946078431,6.04
Netherlands,4.947751146,7.01
Syria,4.948039216,5.56
Azerbaijan,4.949775446,6.32
Greece,4.950088726,6.97
Guinea-Bissau,4.95099802,3.12
Japan,4.951871788,7.4
Cote d'Ivoire,4.952179759,5
Taiwan,4.955882353,6.32
Venezuela,4.958166373,3.96
Germany,4.96032915,7.8
Azerbaijan,4.962554618,6.15
Angola,4.964480234,5.16
Portugal,4.967134637,7.17
Mali,4.970588235,5.81
Burkina Faso,4.974509804,5.95
Montenegro,4.976470588,6.74
France,4.980922611,7.5
Burundi,4.982090135,5.06
Guyana,4.98627451,6.2
Slovenia,4.989846153,6.88
Gabon,4.994227841,5.42
Chile,4.995276755,5.05
Oman,4.996405674,7.28
Panama,4.998315177,6.7
Azerbaijan,4.999004247,6.1
Lesotho,4.999547767,6.21
Bangladesh,5,3.29
Saudi Arabia,5,6.24
Saudi Arabia,5,6.42
Saudi Arabia,5,6.55
Saudi Arabia,5,6.55
Unit. Arab Em.,5,6.64
Brunei Darussalam,5,6.75
Brunei Darussalam,5,6.77
Brunei Darussalam,5,6.89
Brunei Darussalam,5,6.92
Brunei Darussalam,5,6.93
Brunei Darussalam,5,7.07
Brunei Darussalam,5,7.07
India,5.000418122,5.02
"Congo, Dem. R.",5.002070023,2.84
Ecuador,5.003205837,4.22
"Congo, Rep. Of",5.00339197,4.69
Hungary,5.006661899,7.27
Iceland,5.009215894,6.9
Slovenia,5.009246273,6.98
Slovenia,5.017310034,6.81
Azerbaijan,5.020710145,6.01
Cote d'Ivoire,5.021120162,5.34
Gabon,5.021433723,5.54
Norway,5.023802398,7.6
Finland,5.026983491,7.88
Nicaragua,5.027259774,3.49
Belize,5.028131399,5.4
Pakistan,5.033182914,4.25
Azerbaijan,5.033516824,6.2
Saudi Arabia,5.035294118,6.71
China,5.039010659,6.46
China,5.042687129,6.39
Slovenia,5.043965216,6.88
Burkina Faso,5.04588075,5.95
China,5.0463636,6.37
China,5.047098894,6.32
Chile,5.048914464,3.58
Norway,5.056945093,7.62
Venezuela,5.057564951,4.38
Saudi Arabia,5.058823529,6.67
Barbados,5.059408559,6.56
Iran,5.059883342,4.29
China,5.060334188,6.39
Norway,5.062903961,7.58
Myanmar,5.064705882,5
Austria,5.065514775,7.7
Burundi,5.065933392,4.88
Burkina Faso,5.066176471,5.96
Namibia,5.072242518,6.4
"Congo, Rep. Of",5.073244911,4.9
Norway,5.073268953,7.56
Austria,5.073794924,7.64
Australia,5.079195653,6.85
Slovenia,5.081057546,6.77
Norway,5.081500613,7.62
Australia,5.083001373,6.93
China,5.0838636,6.38
Brazil,5.084680844,2.96
Portugal,5.084885398,7.27
Nepal,5.085677663,5.87
United States,5.086017391,7.88
Austria,5.086294924,7.58
Oman,5.08631792,6.96
Poland,5.087467944,6.94
Burkina Faso,5.092049936,5.99
Ecuador,5.092125533,4.6
Bulgaria,5.094658383,6.11
Slovak Rep,5.09497764,7.24
Taiwan,5.095588235,5.6
Burkina Faso,5.095588235,5.81
Hungary,5.096332976,7.2
Mauritania,5.097058824,5.68
Greece,5.101971613,6.67
Nigeria,5.116118368,3.85
Austria,5.119624832,7.68
Italy,5.119826425,7.25
Iceland,5.119981514,5.15
Cape Verde,5.120760485,6.68
Brazil,5.125270067,5.75
Croatia,5.126717203,6.78
Austria,5.129769001,7.63
Cape Verde,5.132731875,6.67
Azerbaijan,5.137949013,6.4
Cote d'Ivoire,5.138671777,5.64
Pakistan,5.139131148,4.81
Ecuador,5.139215686,5.31
Namibia,5.141248598,6.65
"Congo, Rep. Of",5.14504198,4.55
Austria,5.148801041,7.94
Italy,5.150050088,5.37
Guinea-Bissau,5.151960784,5.35
Brazil,5.15247595,5.75
Germany,5.152949191,7.64
Ghana,5.15450593,3.6
Finland,5.15453398,7.81
Austria,5.156947548,7.81
Nepal,5.161764706,5.8
Lithuania,5.162885127,7.18
Mauritania,5.165686275,5.7
Croatia,5.167138163,6.72
Portugal,5.168843164,7.21
Portugal,5.16938812,7.31
Tunisia,5.169398267,6.19
"Congo, Rep. Of",5.169840119,4.74
Argentina,5.171984336,4.88
United States,5.173116842,8.07
Azerbaijan,5.175449013,6.49
Belize,5.176840731,5.59
Spain,5.177700298,5.81
Tunisia,5.183990097,6.26
Latvia,5.184133027,7.24
Austria,5.184594887,7.85
Unit. Arab Em.,5.186198456,6.01
Tunisia,5.187548752,4.49
Austria,5.187585026,7.9
Azerbaijan,5.190154896,6.38
Macedonia,5.190445303,6.07
Oman,5.191128386,7.01
Mozambique,5.192947588,5.51
Central Afr. Rep.,5.205882353,5.2
Costa Rica,5.208103386,5.33
Ireland,5.208647219,7.83
Czech Rep.,5.209600898,7.22
Slovak Rep,5.211826205,6.87
Ireland,5.215224362,7.76
Benin,5.216080917,5.74
Estonia,5.216506515,6.23
Portugal,5.216592116,6.2
Czech Rep.,5.217381142,7.46
Fiji,5.218750873,5.97
Germany,5.218849858,7.65
Finland,5.222286947,7.91
Argentina,5.222351338,3.53
Greece,5.222458056,7.01
Greece,5.226585759,6.4
Guinea-Bissau,5.22745098,5.58
Trinidad & Tob.,5.227543694,6.75
Iceland,5.22770476,6.86
Austria,5.229138495,7.85
Canada,5.229610114,7.2
Tunisia,5.229665175,6.37
Portugal,5.230393045,7.25
Morocco,5.234528568,5
Italy,5.234825293,7.19
Cameroon,5.235477836,5.5
Argentina,5.236589766,5.04
Germany,5.238067115,7.67
Czech Rep.,5.239506485,7.17
Oman,5.239621734,6.67
Canada,5.244418191,7.87
Czech Rep.,5.245091097,7.49
Iraq,5.248190078,5.4
Austria,5.249565894,7.62
Syria,5.25054873,4.61
Trinidad & Tob.,5.252646658,6.61
Poland,5.252761121,6.86
Czech Rep.,5.253105466,7.26
Barbados,5.254736881,6.13
Niger,5.260294118,4.86
Japan,5.262225517,7.49
Austria,5.2636016,7.65
Rwanda,5.26411958,7.23
Oman,5.265349493,7.51
Malaysia,5.265445883,6.42
Czech Rep.,5.267697147,7.21
Tunisia,5.268583943,6.16
Indonesia,5.269146477,4.79
Bosnia and Herzegovina,5.269687571,6.78
Angola,5.270829402,5.25
United States,5.272467035,7.77
Brazil,5.274016963,3.92
Malawi,5.274983972,5.6
Central Afr. Rep.,5.276470588,5.09
Bosnia and Herzegovina,5.277231578,6.79
Brazil,5.278225161,5.93
Tunisia,5.278820815,6.1
Ecuador,5.279437811,5.66
Israel,5.281434672,7.23
Croatia,5.282902663,5.08
Malaysia,5.284122055,6.05
Namibia,5.284715285,6.4
Bosnia and Herzegovina,5.285816509,6.7
Nepal,5.289267316,5.27
Finland,5.292687129,6.05
Venezuela,5.293811635,4.39
Trinidad & Tob.,5.29404354,6.61
New Zealand,5.295118662,7.86
Jordan,5.296015232,6.99
Nepal,5.297058824,5.59
Malaysia,5.297664008,6.34
Nepal,5.299230178,5.78
Oman,5.299754578,7.52
Italy,5.301815195,7.22
Japan,5.302620612,7.59
Nepal,5.307352941,5.65
Jordan,5.312169418,6.92
Ukraine,5.312535377,5.52
Montenegro,5.31372549,6.3
Tunisia,5.314473849,6.19
Oman,5.314807394,7.47
Oman,5.316971203,7.57
Iceland,5.317160036,6.94
Hungary,5.317499416,7.36
Burundi,5.319106036,5.43
Ecuador,5.319878987,5.88
United Kingdom,5.321888524,7.89
Central Afr. Rep.,5.322058824,4.93
Senegal,5.322656337,4.85
Trinidad & Tob.,5.323867224,6.48
Malawi,5.32645456,5.05
Nepal,5.327381057,5.33
Burundi,5.327772935,4.82
Italy,5.328741567,7.19
Mauritania,5.329411765,5.96
Botswana,5.329978763,7.12
Argentina,5.333556135,4.98
Poland,5.335051934,6.81
Bosnia and Herzegovina,5.335100673,6.63
Oman,5.338638003,7.18
Venezuela,5.340719896,4.91
Angola,5.343626641,5.3
Argentina,5.346056135,4.84
Myanmar,5.346078431,4.06
Poland,5.348115787,6.49
Poland,5.348290992,7.12
Iceland,5.348810682,5.42
Saudi Arabia,5.35,6.52
Portugal,5.350374344,7.39
United Kingdom,5.351363457,7.91
United Kingdom,5.352618609,7.9
Iran,5.352710779,4.04
Colombia,5.353649992,4.59
Australia,5.354659743,7.73
Brazil,5.354944703,4.19
Bosnia and Herzegovina,5.358630085,6.6
Bosnia and Herzegovina,5.362286729,6.61
Benin,5.364192188,5.94
Canada,5.367763065,7.77
Romania,5.368351079,4.15
Germany,5.370950146,7.76
Slovak Rep,5.372592217,6.95
New Zealand,5.372705536,6.62
Trinidad & Tob.,5.381419206,4.88
Germany,5.382417276,7.64
Mauritania,5.383333333,5.68
Brazil,5.383874289,6.05
Cyprus,5.385426882,5.87
Cote d'Ivoire,5.386233665,5.2
Japan,5.386313598,7.52
Spain,5.387329945,7.27
Pap. New Guinea,5.387927178,6.28
Jordan,5.389150483,7
Poland,5.395047506,6.59
Latvia,5.395956884,7.23
Ghana,5.39651188,3.16
Mauritania,5.398039216,5.6
Angola,5.399068003,5.13
Taiwan,5.400444783,7.1
Poland,5.40080014,6.89
Spain,5.402296041,7.32
Greece,5.402328097,6.69
Italy,5.403697643,7.22
Burkina Faso,5.405461604,6.05
Portugal,5.408417513,7.52
Latvia,5.41301821,5.68
Germany,5.413564333,7.55
Cape Verde,5.415419138,6.38
United Kingdom,5.417980888,8.21
Peru,5.420848386,2.47
Iceland,5.420955045,7.02
Algeria,5.421206449,4.99
Azerbaijan,5.421437713,6.19
Oman,5.421994711,7.13
Trinidad & Tob.,5.422396636,6.77
Portugal,5.424472309,7.4
Argentina,5.429127197,5.58
Iceland,5.43053475,7.23
Ireland,5.430976576,7.87
Mauritania,5.432352941,5.78
Lithuania,5.434736367,7.2
Belgium,5.434989473,7.44
Italy,5.438315217,7.31
Bulgaria,5.439362867,6.81
Burundi,5.440448241,5.07
Iceland,5.440940619,7.25
Trinidad & Tob.,5.446249422,6.65
France,5.447183712,6.51
Italy,5.44787404,7.27
Iceland,5.451234737,7.22
Ecuador,5.452154468,5.7
Lithuania,5.452685924,6.92
Germany,5.457487177,7.59
Estonia,5.459773201,7.7
Iceland,5.461084071,7.8
Portugal,5.463685425,7.44
Poland,5.464370281,7.24
Slovak Rep,5.466939484,6.81
Swaziland,5.467376671,6.46
Ireland,5.467758046,7.85
Mozambique,5.469607843,5.45
Guyana,5.473529412,6.21
Georgia,5.475192339,7.41
Cape Verde,5.477133082,6.56
Bosnia and Herzegovina,5.47769263,6.18
Honduras,5.477752312,5.73
Kuwait,5.479145296,7.03
Iran,5.479601105,5.77
Slovak Rep,5.480600686,6.89
Germany,5.480871153,7.69
Zimbabwe,5.481784526,4.69
Germany,5.486786467,7.68
Bosnia and Herzegovina,5.486882914,6.56
Hungary,5.487100875,7.34
Portugal,5.488517828,7.4
Fiji,5.492867447,5.27
Nigeria,5.497736703,4.18
Nepal,5.499499337,5.37
Trinidad & Tob.,5.508426047,6.6
Japan,5.508768435,7.51
Chad,5.508975797,4.72
Germany,5.511018212,7.67
Portugal,5.513192244,7.46
Macedonia,5.515428494,6.19
Rwanda,5.516091525,7.32
Germany,5.517041504,7.7
"Congo, Dem. R.",5.517749239,5.38
Rwanda,5.520329113,3.2
Syria,5.520588235,5.53
Taiwan,5.520588235,6.4
Portugal,5.532376983,7.36
Cameroon,5.532421104,5.43
Bosnia and Herzegovina,5.534408559,6.63
Madagascar,5.534554479,5.43
Gabon,5.535952248,5.3
Montenegro,5.539215686,7.16
Botswana,5.541008174,6.99
Botswana,5.541008174,7.09
Malawi,5.541831367,5.71
Swaziland,5.546053142,6.44
Botswana,5.548361116,7.02
Norway,5.549981968,7.63
Germany,5.552116096,7.67
Gabon,5.555257253,5.57
Ireland,5.555954148,7.06
Malaysia,5.559311455,6.68
Burkina Faso,5.5625,6.03
New Zealand,5.562785334,8.27
Namibia,5.567489093,6.62
Panama,5.570334099,6.82
Zimbabwe,5.570863644,4.94
Italy,5.572961062,7.19
Germany,5.578069217,7.66
Central Afr. Rep.,5.578696226,4.39
Namibia,5.579980766,6.72
Thailand,5.580334738,5.94
Senegal,5.580882353,5.9
Oman,5.582145205,7.08
Portugal,5.58261683,7.6
Latvia,5.583916513,7.33
United Kingdom,5.586191711,7.91
Italy,5.586379828,7.47
Poland,5.586416092,7
Slovak Rep,5.589830582,7.3
Trinidad & Tob.,5.595294029,6.73
Slovak Rep,5.598829932,7.44
Italy,5.604886165,7.29
Greece,5.605110487,6.96
Ireland,5.605364523,7.98
Belize,5.610242748,6.56
Iceland,5.610831661,8.03
Burkina Faso,5.611029412,6.02
Ghana,5.61320063,5.43
Malta,5.614693866,7.59
Italy,5.620035561,7.59
Zimbabwe,5.622677913,3.25
Poland,5.624382422,7.27
"Congo, Dem. R.",5.625,3.41
Poland,5.625616977,7.16
Mauritius,5.626536222,4.9
Egypt,5.62714079,5.98
Argentina,5.628265748,3.13
Lithuania,5.6288967,6.87
Malawi,5.630131031,5.85
Belize,5.633151391,6.49
Macedonia,5.636792755,6.61
Lithuania,5.638163527,5.47
Germany,5.638581904,7.5
United Kingdom,5.639386473,8.01
Hungary,5.64081397,7.38
Swaziland,5.645633101,6.41
Germany,5.646350805,7.58
Namibia,5.647969758,6.53
Algeria,5.648022438,4.91
Burundi,5.648756802,5.53
United Kingdom,5.648981566,8.18
Israel,5.651093097,7.25
Spain,5.651634877,7.45
Sierra Leone,5.653176257,4.44
Poland,5.656228278,7.25
Portugal,5.658476204,7.55
Namibia,5.658979991,6.61
Portugal,5.659946793,7.51
Tanzania,5.660784314,6.21
Senegal,5.661764706,5.9
"Congo, Dem. R.",5.661866886,5.28
Myanmar,5.662386614,3.73
United Kingdom,5.662810547,7.99
Egypt,5.663891196,5.87
Cote d'Ivoire,5.664004106,5.9
United Kingdom,5.664386473,8
Ecuador,5.666937811,6.06
Suriname,5.668308222,6.35
Swaziland,5.66884726,6.47
Morocco,5.670193541,4.91
Trinidad & Tob.,5.671359593,6.74
Burundi,5.672873365,5.01
Lesotho,5.675872356,6.07
Italy,5.676206476,7.5
Spain,5.679695945,7.35
Australia,5.684055257,7.95
Norway,5.685921379,7.73
Rwanda,5.687297169,7.4
Venezuela,5.689148146,4.78
Spain,5.69010868,7.45
"Congo, Dem. R.",5.690543356,5.2
Burkina Faso,5.690644868,5.85
Togo,5.69256433,5.14
Mexico,5.692853734,5.19
Poland,5.69522703,6.47
Guyana,5.697058824,6.4
Ghana,5.698246942,2.83
Kenya,5.70036284,5.85
New Zealand,5.705331644,8.33
Portugal,5.705390281,7.4
Chile,5.705576539,5.55
Jordan,5.705952384,6.14
Dominican Rep.,5.706012589,5.59
Portugal,5.706675749,7.41
Spain,5.706727962,7.35
Macedonia,5.708933723,6.42
Italy,5.710877144,7.07
Japan,5.71556698,7.83
Tanzania,5.715686275,6.2
Rwanda,5.716995447,7.48
Costa Rica,5.717135406,5.52
Iceland,5.717975936,7.73
Greece,5.718825132,6.81
Egypt,5.719088414,5.78
Hungary,5.720404147,7.33
Syria,5.720588235,5.75
Cote d'Ivoire,5.720673985,6
Japan,5.722656042,7.77
"Congo, Dem. R.",5.728253727,5.28
Poland,5.731911692,7.43
Macedonia,5.734152108,6.72
Spain,5.73497808,7.53
Rwanda,5.736118149,7.43
"Congo, Dem. R.",5.737163645,3.12
Ireland,5.737620876,8.04
Malta,5.737813215,7.22
Poland,5.73835301,7.36
Germany,5.742301466,7.75
Bulgaria,5.742956088,6.81
Latvia,5.744858952,7.34
Poland,5.74946017,6.55
Czech Rep.,5.753635849,7.42
Canada,5.754943662,7.91
Malta,5.755304672,7.63
Greece,5.757385924,5.72
Ireland,5.75764539,8.25
Myanmar,5.759132961,3.65
Austria,5.759279995,6.51
Italy,5.768604791,7.15
Tanzania,5.768627451,6.11
Japan,5.768764585,7.66
Senegal,5.769117647,5.95
Czech Rep.,5.770091097,7.56
Myanmar,5.77190625,3.79
Gabon,5.772169017,5.71
Malta,5.777339325,7.66
Malta,5.779331624,6.98
Egypt,5.779366171,5.99
Malta,5.781152,6.52
Myanmar,5.781495547,3.72
Cote d'Ivoire,5.782209193,5.93
Malta,5.782798386,6.88
Israel,5.782933957,7.23
Malawi,5.783098612,5.32
Burundi,5.783741463,4.3
Rwanda,5.786848388,7.56
Argentina,5.787410515,5.82
Pap. New Guinea,5.789451964,6.07
Botswana,5.79027288,7.24
Poland,5.793037765,7.32
Malta,5.795373968,7.64
Burundi,5.797264958,4.8
Benin,5.797280424,5.78
Japan,5.797591558,7.37
Malta,5.800098173,7.59
Canada,5.800689395,8.08
Norway,5.804742347,7.59
Slovak Rep,5.804932715,7.42
Tunisia,5.805729204,6.29
Canada,5.807737728,8.17
Mali,5.808810635,4.88
Tunisia,5.811155836,5.26
Myanmar,5.811764706,5.36
Argentina,5.813584263,5.59
Brazil,5.814050218,6.24
United Kingdom,5.814252083,8.08
Czech Rep.,5.814569445,7.37
Bulgaria,5.814886002,6.58
Germany,5.818376342,7.7
Norway,5.820616464,7.73
Turkey,5.821312807,4.73
Senegal,5.821323529,6.05
Macedonia,5.822690881,6.93
Cote d'Ivoire,5.823385664,6
Malta,5.82467217,7.8
Ecuador,5.82576134,6.09
Japan,5.826411655,7.94
Malta,5.82701154,7.67
Senegal,5.827384196,5.87
Israel,5.830587835,7.23
Tanzania,5.833333333,4.33
"Congo, Rep. Of",5.833377341,5.02
Macedonia,5.83338075,6.89
Sierra Leone,5.834188171,4.68
Myanmar,5.836846598,3.86
Burkina Faso,5.837810547,5.84
Pakistan,5.840087316,5.55
Israel,5.84116164,7.3
Myanmar,5.841330802,3.45
Myanmar,5.842701037,4.22
Cyprus,5.845311236,5.52
Barbados,5.847794118,5.67
Malta,5.848255351,7.55
Zimbabwe,5.848413207,4.51
Ireland,5.849578702,8.13
Iceland,5.856835282,7.91
Myanmar,5.860784314,5.35
Myanmar,5.861983501,3.34
Venezuela,5.862327124,5.9
Gabon,5.862610194,5.8
Pap. New Guinea,5.862755731,6.02
Malta,5.865147075,7.72
Ethiopia,5.868933323,5.6
Malaysia,5.870872406,6.25
Morocco,5.874993903,6.37
Haiti,5.879990918,5.43
Trinidad & Tob.,5.880691105,6.86
Macedonia,5.881910162,6.83
Niger,5.88240162,4.62
Estonia,5.883723858,7.86
Greece,5.886963055,7.1
Ecuador,5.890467222,6.03
Malaysia,5.891248598,6.32
Estonia,5.893282681,7.93
Gabon,5.894227841,5.89
Ireland,5.895573022,8.03
Suriname,5.89619573,6.64
Suriname,5.89619573,6.72
Suriname,5.89619573,6.78
Botswana,5.898361116,7.35
Malta,5.898388456,7.74
Chad,5.899416974,4.97
Japan,5.901526687,7.65
Ireland,5.907436662,8.01
Malta,5.907711572,7.37
Morocco,5.9080771,4.98
Estonia,5.909200064,7.68
Mauritania,5.909803922,5.9
Ireland,5.909872175,8.12
Bahrain,5.911132325,6.62
Burundi,5.911764706,5.96
Estonia,5.914215668,7.79
Fiji,5.915064933,6.11
Morocco,5.915131482,6.34
Egypt,5.91544318,6.21
Malaysia,5.917032383,6.8
Malta,5.917352957,7.73
Canada,5.917775285,8.01
Italy,5.918583551,7.37
Tanzania,5.921568627,6.3
Canada,5.922628175,8.01
Guyana,5.924509804,6.31
Gabon,5.925364496,5.28
Estonia,5.926403792,7.6
Morocco,5.930140961,6.36
Rwanda,5.930262696,6.89
Morocco,5.930876255,6.37
Ecuador,5.934584869,5.88
Ethiopia,5.935001603,5.16
Unit. Arab Em.,5.93652829,6.71
Estonia,5.936906956,7.82
Colombia,5.938230831,5.06
Morocco,5.941170373,6.28
Romania,5.942708232,5.02
Barbados,5.946449752,6.63
Spain,5.949259399,7.5
Rwanda,5.949334837,4.6
Venezuela,5.950372719,5.89
Venezuela,5.951631567,5.55
Malawi,5.952043471,5.92
"Congo, Dem. R.",5.952308062,5.36
Japan,5.95455668,7.55
Unit. Arab Em.,5.957250805,7.18
Chad,5.957505209,4.99
Malaysia,5.958771808,6.85
Estonia,5.959223408,7.84
Chad,5.960006946,4.84
Japan,5.963790836,7.93
Argentina,5.964230062,5.67
Malta,5.967112998,7
South Africa,5.967391546,5.23
"Korea, South",5.969305181,5.38
Canada,5.971285263,8.27
Pap. New Guinea,5.971504761,6.17
Estonia,5.972012862,7.7
Estonia,5.973032537,7.67
Brazil,5.974530474,5.98
Brazil,5.975067751,5.98
Malaysia,5.976909772,6.61
Spain,5.978692499,7.37
Jordan,5.983164839,7.23
Gabon,5.983294839,5.4
Burundi,5.986029412,5.97
Central Afr. Rep.,5.986524283,5.06
Mali,5.986800231,5.95
Italy,5.988860394,7.25
Fiji,5.989207072,6.79
Central Afr. Rep.,5.997965136,4.93
Bahrain,6,6.6
Israel,6.001145071,7.22
Malta,6.003186143,6.98
Syria,6.005090953,6.18
Trinidad & Tob.,6.005767589,6.85
Senegal,6.007091855,5.02
Malaysia,6.009136079,6.86
Ghana,6.009258491,6.29
Thailand,6.014928904,5.86
Syria,6.0183767,5.27
Spain,6.019536903,7.56
Canada,6.024061309,7.98
Cyprus,6.027938802,5.56
Malaysia,6.028827078,6.84
Iceland,6.031814754,6.92
Jordan,6.03355105,7.22
Egypt,6.034483575,5.77
Zimbabwe,6.035177913,3.74
"Congo, Dem. R.",6.035396297,5.23
United Kingdom,6.037330092,7.96
Canada,6.041132393,8.04
South Africa,6.04383421,6.65
Estonia,6.04499831,7.72
United States,6.046008648,8.26
Malaysia,6.047415075,6.6
Montenegro,6.050980392,6.91
Angola,6.051470588,5.14
Myanmar,6.053921569,4.44
Chad,6.056769915,4.97
Malawi,6.058152642,5.86
South Africa,6.060745975,6.84
Israel,6.063765424,7.14
Zambia,6.064705882,6.61
South Africa,6.065281972,5.91
Brazil,6.066533384,4.23
Egypt,6.066836516,5.72
Argentina,6.068741798,5.88
Japan,6.069301971,7.65
Iceland,6.069551846,7.99
Malaysia,6.074769399,6.59
Jordan,6.077386067,7.06
Mali,6.077389084,5.92
Malaysia,6.078293895,6.64
Tunisia,6.080729204,6.33
Gabon,6.082797916,5.39
Tunisia,6.084405674,6.35
Mexico,6.084915451,5.73
Jordan,6.084985869,6.89
Zimbabwe,6.086648501,3.21
New Zealand,6.088210403,8.4
Ghana,6.08867607,5.82
Tunisia,6.091758615,6.48
Ethiopia,6.092271097,5.54
Togo,6.092697938,5.69
Estonia,6.093270331,7.74
Fiji,6.093865203,6.57
Turkey,6.093953163,3.52
Cameroon,6.097657392,5.57
Barbados,6.09927966,6.63
Taiwan,6.100677192,7.29
Argentina,6.101238179,4.25
South Africa,6.102172198,5.03
Chile,6.10634337,7.37
Unit. Arab Em.,6.106591756,7.15
Cyprus,6.10768745,6.65
Fiji,6.110041673,6.53
Namibia,6.111507114,6.75
Ethiopia,6.111710366,5.46
Ethiopia,6.112884677,5.68
Mozambique,6.112901881,5.63
Mozambique,6.115107764,5.5
Burundi,6.115441176,5.92
Ireland,6.116601716,7.96
Burundi,6.117647059,5.87
Canada,6.119262514,8.17
Timor-Leste,6.119289276,6.55
Timor-Leste,6.119289276,6.6
Egypt,6.121614217,6.3
Japan,6.122470523,7.85
Rwanda,6.123622545,7.45
Australia,6.123697138,7.97
Chile,6.124317697,7.36
Jordan,6.124375261,5.43
Iceland,6.124579259,7.34
Namibia,6.125999599,6.63
Barbados,6.126502094,6.05
Egypt,6.127344126,6.51
Ecuador,6.127967222,5.87
Malaysia,6.12825573,6.85
Brazil,6.12955894,5.28
Venezuela,6.130648311,4.35
Canada,6.130694679,8.09
Australia,6.131187585,8.07
Ireland,6.132856074,8.08
Brazil,6.1329384,4.66
Taiwan,6.133435978,7.39
Haiti,6.135015289,4.97
Italy,6.13550195,6.37
Cote d'Ivoire,6.13552853,5.5
Australia,6.14030287,8.01
Bolivia,6.141495031,6.34
Mauritania,6.142156863,5.9
Canada,6.143185052,8.16
Zimbabwe,6.146323529,6.06
Canada,6.147681106,8.06
Slovak Rep,6.150543041,7.38
Angola,6.155508356,5.44
Zambia,6.155882353,6.74
Bolivia,6.162804536,6.23
Israel,6.168063792,7.32
Bolivia,6.168686889,6.05
Japan,6.170303735,6.83
Australia,6.17231891,8.06
Canada,6.173981909,7.99
Argentina,6.175949671,4.47
Gabon,6.177316076,5.85
Bahrain,6.178557477,6.91
Kuwait,6.179997842,6.95
Pap. New Guinea,6.180320149,6.13
Niger,6.181132794,5.74
Australia,6.181346485,8.05
Montenegro,6.181372549,7.17
Benin,6.182574541,5.98
Malawi,6.183082051,5.76
Bolivia,6.184757173,6.45
Chad,6.185184733,5.13
Mexico,6.18713783,4.67
Guinea-Bissau,6.187254902,5.07
Cyprus,6.187335629,6.64
Nigeria,6.188134873,5.17
Fiji,6.189942366,6.82
Gabon,6.193261403,5.81
Syria,6.194898732,4.07
Kuwait,6.194949463,6.77
Serbia,6.196277448,6.39
Uganda,6.196410442,7.09
Syria,6.196670228,5.02
Syria,6.197227532,4.96
New Zealand,6.198222244,8.39
Togo,6.198529412,5.45
Syria,6.19874813,4.97
Tajikistan,6.19896017,6.65
"Congo, Rep. Of",6.199243937,4.96
Sierra Leone,6.201351234,5.06
Dominican Rep.,6.201649192,5.33
Timor-Leste,6.201659112,6.69
Tanzania,6.201960784,6.4
New Zealand,6.202655694,8.26
Canada,6.203438051,7.95
Bolivia,6.203540231,6.37
Syria,6.204252022,5.79
Benin,6.206331143,6
Namibia,6.206537506,6.65
Gabon,6.209466345,5.47
Ghana,6.209548806,5.88
Kuwait,6.210112177,6.59
Japan,6.211173013,7.78
Zambia,6.214705882,6.99
Cyprus,6.214778009,6.34
Mozambique,6.216311975,5.77
Colombia,6.216409694,4.81
Mozambique,6.216578352,5.75
Australia,6.221889404,8.19
New Zealand,6.222626638,8.46
Malaysia,6.224088435,6.88
Ethiopia,6.224667415,5.78
Benin,6.227646658,6.05
Sierra Leone,6.228183698,4.33
Japan,6.229723754,7.85
Iceland,6.230005919,8.06
Israel,6.230323288,7.47
Barbados,6.231195528,6.67
Botswana,6.232184645,7.22
Latvia,6.234075974,7.52
Cote d'Ivoire,6.234848893,5.44
Tanzania,6.237251563,6.42
Kuwait,6.23731806,6.75
New Zealand,6.237333575,8.52
Swaziland,6.237964907,6.56
Serbia,6.238501089,6.55
Cote d'Ivoire,6.23868746,5.69
"Gambia, The",6.240465748,7.04
New Zealand,6.240752609,8.44
"Korea, South",6.241383776,5.49
Gabon,6.242286728,5.69
Central Afr. Rep.,6.243086572,5.43
Mauritania,6.243137255,5.77
Hungary,6.244579511,7.39
Gabon,6.244963135,5.84
Montenegro,6.245098039,7.33
Spain,6.245862065,7.77
"Korea, South",6.248337652,7.21
Niger,6.25,5.56
Israel,6.252382111,7.49
Zambia,6.252979243,6.52
Kuwait,6.253103606,6.93
India,6.256271587,5.76
Macedonia,6.256990093,7.24
Bolivia,6.257657477,6.21
Nigeria,6.258612957,3.81
Canada,6.260228732,8.03
India,6.261713871,6.34
Macedonia,6.262872446,7.19
"Korea, South",6.263668224,6.92
Macedonia,6.264343034,7.16
Malaysia,6.266154876,7.26
Tanzania,6.266666667,6.29
Gabon,6.268492547,5.78
Kuwait,6.268623593,7.19
Kuwait,6.269358327,7.09
Morocco,6.269363398,5.85
Taiwan,6.270782862,7.21
Estonia,6.271253406,7.77
Jordan,6.271762302,7.3
Tunisia,6.272377413,6.4
Barbados,6.273728799,5.72
Kuwait,6.274826342,6.84
Bolivia,6.275304536,6.4
Tunisia,6.276416493,6.49
Georgia,6.277153829,7.57
Lithuania,6.277303497,7.37
Macedonia,6.278313623,7.13
Zimbabwe,6.278560266,3.82
Serbia,6.279055137,6.56
Senegal,6.281060667,5.7
Niger,6.282603382,5.79
Venezuela,6.288804055,6.72
New Zealand,6.28963274,8.39
Bolivia,6.290010418,6.38
Taiwan,6.290130274,7.34
Iran,6.290980125,6.04
Cote d'Ivoire,6.291508492,5.5
Slovak Rep,6.291991906,7.47
Timor-Leste,6.292104996,6.64
Senegal,6.293560667,5.76
Peru,6.294338035,3.5
Jordan,6.296393653,7.17
Pap. New Guinea,6.297012147,6.25
Myanmar,6.297058824,5.32
Myanmar,6.297058824,5.42
Bolivia,6.29736336,6.31
Pap. New Guinea,6.298517623,6
South Africa,6.298712717,5.9
Israel,6.300201822,7.45
Bulgaria,6.301339804,6.95
Bolivia,6.301944941,6.3
Pap. New Guinea,6.302826602,6.96
Montenegro,6.303921569,7.19
Pap. New Guinea,6.305208056,6.1
Trinidad & Tob.,6.306108632,5.5
Fiji,6.306118837,6.63
Barbados,6.311353133,6.68
Ireland,6.312110986,8.07
Bolivia,6.31273762,6.14
Bolivia,6.314275124,6.35
Morocco,6.31559118,5.93
Rwanda,6.318379856,3.71
"Gambia, The",6.318406924,6.87
Greece,6.318570684,7.27
Iran,6.31890928,6.09
Bosnia and Herzegovina,6.319061548,6.48
Taiwan,6.319653069,7.36
South Africa,6.322359496,5.26
Central Afr. Rep.,6.322638146,5.29
Seychelles,6.32684697,7.23
Kuwait,6.328703428,6.93
Suriname,6.329283965,6.85
Romania,6.330101466,5.73
New Zealand,6.330139338,8.49
Senegal,6.330586235,5.65
Macedonia,6.331058339,7.11
Chad,6.33114888,5.09
South Africa,6.33282377,6.72
Fiji,6.332845359,6.51
Romania,6.333096249,7.3
Myanmar,6.333333333,3.99
Myanmar,6.333333333,4.31
Benin,6.33404513,6.44
Ireland,6.33416981,8.25
Israel,6.334608912,7.2
Morocco,6.334924669,6.26
Madagascar,6.336135718,4.35
Serbia,6.336296349,6.55
Israel,6.338125884,7.42
Morocco,6.340833582,5.78
Bahrain,6.341493779,7.35
Spain,6.341727619,7.53
Belize,6.341850296,6.63
Syria,6.342734897,5.62
Egypt,6.344742701,6.29
Cape Verde,6.346389177,6.53
Brazil,6.346481442,6.23
New Zealand,6.347394701,8.47
Canada,6.348881081,8.13
Hungary,6.349890986,7.01
Kuwait,6.350798507,7.45
Serbia,6.350908056,6.58
Cote d'Ivoire,6.351478602,5.69
Indonesia,6.352005825,5.79
Egypt,6.35255356,6.01
Senegal,6.355933219,4.85
Pap. New Guinea,6.356196224,6.06
Bolivia,6.356922183,6.09
Egypt,6.358146338,6.4
Turkey,6.360081744,6.79
Ethiopia,6.364639101,5.74
Taiwan,6.364684477,7.29
Uruguay,6.367840165,7.05
Barbados,6.36797078,6.63
Israel,6.368220887,7.35
Switzerland,6.368835384,8.16
Jordan,6.371507471,7.4
Kuwait,6.371815563,6.97
United States,6.372190246,7.74
Nigeria,6.375493512,6.03
Greece,6.375772523,7.32
Serbia,6.376506652,6.64
Australia,6.3786952,8.07
Zambia,6.378946947,6.91
Barbados,6.380519697,6.06
"Korea, South",6.380805352,7.22
Togo,6.382352941,5.33
Montenegro,6.382352941,7.14
Barbados,6.383359154,6.43
Honduras,6.383460891,5.7
Canada,6.384783134,8.12
United States,6.386110485,7.81
Mozambique,6.388637175,5.78
Finland,6.391333872,7.12
Morocco,6.392131416,6.04
Latvia,6.392998987,7.72
Qatar,6.3955495,7.35
Latvia,6.396589358,7.59
Barbados,6.397058824,6.01
Guinea,6.398039216,5.74
Guinea,6.399019608,5.62
Colombia,6.399849975,6.67
Guinea,6.401960784,5.65
United States,6.402068976,7.93
Tunisia,6.402115724,6.97
Barbados,6.404000192,6.5
United States,6.407571091,7.81
Ukraine,6.407743629,5.89
Iran,6.407826437,6.01
Serbia,6.40835403,6.85
Cameroon,6.408686804,5.85
Morocco,6.409183517,5.9
El Salvador,6.411317874,4.34
Kuwait,6.417394681,7.51
Tajikistan,6.418077817,6.39
"Korea, South",6.418996545,6.58
Barbados,6.421439751,5.99
Tajikistan,6.421754288,6.68
Slovak Rep,6.423913589,7.38
Zambia,6.425,6.95
New Zealand,6.425676329,8.48
United States,6.426333682,8.03
Honduras,6.426367074,5.44
Serbia,6.426736383,6.76
Zambia,6.427685248,4.76
Mali,6.428783424,5.2
Moldova,6.429533795,6.57
Slovak Rep,6.430417535,7.48
Switzerland,6.43041839,8.21
Slovak Rep,6.432408637,7.59
Togo,6.433874322,5.31
Israel,6.435458283,7.36
Cote d'Ivoire,6.436666533,5.7
Brazil,6.436673722,6.08
Mexico,6.437894695,6.53
Mali,6.438235294,6.04
Kuwait,6.439060747,7.1
New Zealand,6.439380526,8.48
Bosnia and Herzegovina,6.439782011,6.56
Slovak Rep,6.440863921,7.59
Chad,6.443340279,5.42
Colombia,6.445506091,6.34
Gabon,6.446779282,5.56
Niger,6.447309264,5.69
United States,6.448248918,7.95
South Africa,6.448739372,7.04
Bulgaria,6.448984212,7.08
Brazil,6.450304536,6.15
Mali,6.450980392,6.04
Qatar,6.453133515,7.23
Chad,6.4531442,5.43
Tajikistan,6.457048405,6.28
New Zealand,6.457208479,8.48
Bulgaria,6.458184405,7.3
Bulgaria,6.459353264,7.1
Brazil,6.460850635,6.15
Spain,6.462495911,7.59
Ukraine,6.464343326,5.81
Ethiopia,6.464836112,5.35
Cameroon,6.465304451,5.68
United Kingdom,6.465437169,8.2
Serbia,6.466130389,5.96
South Africa,6.468290588,6.87
Peru,6.468453384,3.6
Mali,6.470588235,5.89
United Kingdom,6.473126703,8.34
Ukraine,6.473372761,6.05
Ireland,6.475240128,8.11
Canada,6.475624533,8.2
United Kingdom,6.475807421,8.3
Indonesia,6.47673305,4.78
New Zealand,6.476854205,8.49
Ireland,6.478365952,6.75
Slovak Rep,6.478907242,7.63
Bahrain,6.483109186,6.89
United Kingdom,6.484424587,8.13
Moldova,6.484433194,6.64
Iran,6.485255434,5.89
"Korea, South",6.485520602,6.38
Romania,6.486231768,7.34
South Africa,6.486448169,6.97
Ghana,6.489279073,6.42
South Africa,6.489344506,6.98
Philippines,6.492133716,5.15
Central Afr. Rep.,6.493620773,5.04
Malawi,6.49526642,6.18
Russia,6.495956272,6.59
Angola,6.496684826,5.17
Moldova,6.496863557,6.65
Rwanda,6.49865546,5.89
Senegal,6.498707726,5.91
Georgia,6.499113619,7.46
Moldova,6.499386736,6.64
Moldova,6.500851775,6.55
Latvia,6.501114008,7.56
Ghana,6.501315957,6.55
Morocco,6.50162486,6.41
Chile,6.508469715,6.61
Honduras,6.511901268,6.52
Bahrain,6.518043913,7.2
Syria,6.520433964,5.96
Malawi,6.520572207,6.17
Egypt,6.522602843,6.18
Madagascar,6.523726424,4.44
United Kingdom,6.523807148,8.45
South Africa,6.524144531,7.02
Luxembourg,6.524478889,8.01
South Africa,6.524559096,6.82
Nigeria,6.525493512,5.89
Uruguay,6.526109865,7.1
Tajikistan,6.526173139,6.72
Panama,6.52867046,7.13
South Africa,6.530429602,6.98
Cameroon,6.535079537,5.65
Senegal,6.536207726,5.81
Pap. New Guinea,6.537349262,6.7
Qatar,6.537882662,7.43
Qatar,6.537882662,7.49
Qatar,6.537882662,7.5
Qatar,6.537882662,7.54
Qatar,6.537882662,7.68
Timor-Leste,6.538103054,6.68
Malaysia,6.542045067,7.07
Albania,6.542083707,5.01
Iran,6.542120929,5.93
South Africa,6.544009711,6.98
Australia,6.544178144,7.98
Guinea,6.54621401,5.93
Russia,6.54683496,6.62
South Africa,6.552876405,7.12
Moldova,6.555088957,6.58
Romania,6.555956483,6.49
Ukraine,6.55613079,5.95
Ghana,6.556459368,6.44
Colombia,6.556486988,6.72
"Korea, South",6.556841641,7.45
Fiji,6.557100497,6.65
Thailand,6.558492649,6.67
Bolivia,6.559048618,6.84
Spain,6.560424347,7.57
Morocco,6.561448149,6.47
Central Afr. Rep.,6.564141607,4.63
Bahrain,6.565432714,7.29
Bosnia and Herzegovina,6.565509318,6.61
Rwanda,6.56585099,6.75
Australia,6.566094609,8.02
"Korea, South",6.566706967,7.36
Vietnam,6.567306392,6.05
Slovak Rep,6.570167495,7.6
Turkey,6.570337795,6.83
Benin,6.570902447,5.57
Ethiopia,6.57126919,5.73
Spain,6.571592174,7.62
"Korea, South",6.572400084,7.35
Mozambique,6.575401881,5.93
United States,6.575949671,7.76
Zimbabwe,6.576354384,3.87
Turkey,6.576429967,6.84
Slovak Rep,6.577350183,7.6
Cameroon,6.57763037,5.33
Egypt,6.578958968,6.35
Turkey,6.583131785,6.86
Vietnam,6.583451902,6.19
Bahrain,6.583811188,7.42
Lithuania,6.584342117,7.41
Singapore,6.586589386,7.65
Estonia,6.588305621,7.85
Rwanda,6.589217618,4.89
Georgia,6.589939321,7.5
Bahrain,6.591904978,7.33
El Salvador,6.59270538,4.12
Turkey,6.593040745,6.87
Australia,6.59344285,8
"Korea, South",6.595614281,5.18
Suriname,6.599217289,6.64
Kuwait,6.602188156,7.48
"Yemen, Rep.",6.603117487,6.12
Togo,6.603727349,6.25
Sierra Leone,6.610784314,5.57
Mauritania,6.611764706,5.98
Benin,6.612101246,6.1
Ukraine,6.612835464,5.91
Ukraine,6.615098573,5.9
Sierra Leone,6.616666667,5.3
Zambia,6.616911765,6.79
Guinea-Bissau,6.618627451,5.62
Kyrgyz Republic,6.620115421,6.54
Sierra Leone,6.621568627,5.63
United Kingdom,6.621754288,8.47
Ethiopia,6.622004484,5.55
Zimbabwe,6.622058824,5.3
"Korea, South",6.623679676,7.67
Benin,6.623973118,5.99
Russia,6.624407086,6.65
Sri Lanka,6.626552979,6.35
Malaysia,6.626732383,7.1
Mali,6.626866211,5.5
Uruguay,6.631912165,7.04
Nicaragua,6.632019473,6.02
Zambia,6.632352941,6.72
Tajikistan,6.633518993,6.55
Ireland,6.640552896,8.22
Thailand,6.642645685,6.85
India,6.64419933,6.27
Latvia,6.644941918,7.81
Greece,6.646075092,7.34
Sierra Leone,6.647058824,4.79
Fiji,6.649082408,6.84
Ukraine,6.649825151,5.4
Latvia,6.653293105,7.64
Thailand,6.654410391,6.8
Russia,6.655079629,6.45
Costa Rica,6.656974275,6.7
Seychelles,6.659706066,7.24
Russia,6.662517076,6.43
Turkey,6.663194673,6.84
"Korea, South",6.663270211,7.46
Ukraine,6.664177766,6.24
Australia,6.665659561,8.02
Namibia,6.666214538,6.63
Mexico,6.666733451,6.68
Moldova,6.666878204,6.66
Belize,6.666962449,6.28
Sierra Leone,6.667092796,3.81
Lithuania,6.667725196,7.46
Rwanda,6.668146363,6.46
Fiji,6.668440455,6.73
Australia,6.674363182,7.96
Iran,6.675216381,5.91
Bolivia,6.676723816,6.47
Ghana,6.678511019,6.92
Belize,6.679008911,6.39
Latvia,6.679061548,7.68
Dominican Rep.,6.681762095,4.42
Morocco,6.684458647,6.14
New Zealand,6.684653708,8.58
Mauritius,6.689928274,7.37
Estonia,6.691243735,7.98
Ghana,6.692136409,6.88
Switzerland,6.692551365,8.15
Iran,6.695386036,5.78
South Africa,6.695425778,6.89
Ecuador,6.696349575,5.92
Spain,6.696751599,7.74
Australia,6.699871774,8.01
Ghana,6.700388617,6.82
Colombia,6.701751043,6.58
Botswana,6.702037586,7.43
Pap. New Guinea,6.705297309,6.06
Zambia,6.705882353,6.64
Togo,6.705933232,5.79
Algeria,6.710156703,3.94
Ethiopia,6.710239778,5.53
Latvia,6.711107452,7.53
Russia,6.712471159,6.83
Greece,6.71309104,7.26
Morocco,6.713649319,6.28
Nigeria,6.715082682,6.22
Nigeria,6.715092572,5.95
Malawi,6.716160442,5.56
Malawi,6.716160442,6.22
Moldova,6.716609232,6.7
Swaziland,6.719130434,6.58
Mexico,6.719285943,6.77
Togo,6.71990382,5.82
Cyprus,6.721395656,6.04
Australia,6.721666025,7.92
Costa Rica,6.722002424,7.18
Unit. Arab Em.,6.722602587,7.5
Kuwait,6.72280073,7.08
Macedonia,6.723166564,7.23
Benin,6.724119382,6.14
Lithuania,6.72686248,7.55
Spain,6.727319158,7.73
Brazil,6.727584549,6.18
Unit. Arab Em.,6.729955528,7.45
Bulgaria,6.730326608,7.29
Syria,6.731870368,5.96
Brazil,6.732818485,6.24
Uganda,6.733282703,7.13
Morocco,6.733621173,6.22
India,6.733879725,6.37
Seychelles,6.734199911,7.33
Bahrain,6.737241545,7.33
"Korea, South",6.739423798,7.47
Zimbabwe,6.742647059,5.63
Bulgaria,6.743014809,5.65
New Zealand,6.747311324,8.48
United Kingdom,6.74733531,8.46
Mali,6.747749464,5.51
Ukraine,6.748513457,5.92
Pap. New Guinea,6.749141768,6.48
Philippines,6.752044067,4.92
Nicaragua,6.752626458,6.63
Brazil,6.753088647,6.45
Namibia,6.757339728,6.61
Mauritius,6.757765472,7.05
Iran,6.76005916,6.06
Belarus,6.761446145,6.23
Botswana,6.76159641,7.27
Nigeria,6.762265498,6.34
Georgia,6.763982292,7.64
Australia,6.766573951,8.14
Greece,6.767232329,7.38
Bahrain,6.767397932,7.37
Russia,6.768597941,5.5
Montenegro,6.770588235,7.04
Luxembourg,6.77141738,8.05
Kuwait,6.772580795,7.33
Mexico,6.773641609,6.71
Nepal,6.773744844,5.77
Senegal,6.775575694,5.54
Russia,6.777584549,6.56
Malawi,6.778272306,5.94
Colombia,6.780276366,6.23
Switzerland,6.781409707,7.62
Russia,6.783059394,6.65
Singapore,6.783545039,7.01
Russia,6.784300369,4.33
Unit. Arab Em.,6.784645823,7.68
Swaziland,6.785759024,6.44
Morocco,6.785836638,6.21
Bahrain,6.786317363,7.33
Tajikistan,6.787930758,6.75
Greece,6.789172944,5.82
Mauritius,6.790610726,6.38
Botswana,6.791008174,7.25
Romania,6.791420441,5.77
Unit. Arab Em.,6.792298167,7.56
Bahrain,6.793662462,7.33
Lithuania,6.794600497,7.47
Cameroon,6.796186804,5.78
Chad,6.796281455,4.97
Morocco,6.796384773,6.03
Bahrain,6.796696185,7.02
Malaysia,6.798132187,7.15
Australia,6.798495352,8.08
Tanzania,6.798946145,6.7
Pap. New Guinea,6.799601453,6.39
Malawi,6.799983972,5.37
Mongolia,6.800995753,6.73
Bahrain,6.802174664,7.42
Nigeria,6.803118007,6.12
Bahrain,6.804249614,7.36
"Korea, South",6.806330542,7.35
Mauritius,6.807024636,6.12
Malawi,6.80710696,6.52
Spain,6.808979804,5.57
Bolivia,6.809100947,5.62
Uruguay,6.809598894,7.33
Indonesia,6.810219259,4.27
Costa Rica,6.812650205,7.33
Haiti,6.813782257,6.36
Nicaragua,6.813832428,6.91
Thailand,6.814615434,6.6
United Kingdom,6.814983619,8.56
Panama,6.815435166,7.22
Mauritius,6.820876294,7.29
Madagascar,6.821459101,5.74
Madagascar,6.823139492,6
Serbia,6.823759543,6.68
Serbia,6.823795206,6.71
Ukraine,6.82569322,6.15
Sierra Leone,6.826051792,5.92
Senegal,6.82612367,6.15
"Korea, South",6.826429472,7.53
Iran,6.827422263,5.63
Sri Lanka,6.82756534,6
Mauritius,6.828391275,7.21
Pakistan,6.828585145,4.45
Mexico,6.829157317,6.67
Senegal,6.830535435,6.22
Bahrain,6.83062084,7.52
India,6.832034089,6.22
Colombia,6.832762719,5.48
Montenegro,6.833333333,7.08
Romania,6.833639275,7.69
Ethiopia,6.835239778,5.58
Iceland,6.836296832,5.95
Mexico,6.837524042,6.66
Haiti,6.838046963,6
"Korea, South",6.838079019,7.52
Uruguay,6.839554695,7.16
Namibia,6.839605706,6.83
Bahrain,6.840182722,7.49
Thailand,6.841878927,6.6
Mauritania,6.843137255,6.04
Niger,6.844368088,6.01
Colombia,6.844612333,6.55
Haiti,6.845110674,4.96
Nigeria,6.845888886,5.52
Mongolia,6.846849859,6.89
Zambia,6.847794118,6.8
Trinidad & Tob.,6.850314554,7.15
"Korea, South",6.851358391,7.51
Australia,6.851771915,8.18
Nigeria,6.852941176,5.2
Barbados,6.852941176,6.13
Uruguay,6.853146938,7.13
Venezuela,6.856702726,6.08
Togo,6.858345859,5.27
"Korea, South",6.858782414,7.55
Colombia,6.859318215,6.5
Malaysia,6.86283807,6.92
Philippines,6.867822163,6.97
Cyprus,6.869051923,7.01
Ukraine,6.872313271,5.87
Guyana,6.87254902,6.52
Romania,6.873345158,7.7
Vietnam,6.873529412,6.31
Vietnam,6.87447336,6.3
Iran,6.875951675,6.03
India,6.876262368,6.1
Turkey,6.876376781,6.99
United States,6.876397206,8.48
Zimbabwe,6.876524683,4.93
Canada,6.877530662,8.22
Madagascar,6.879969554,5.73
Switzerland,6.880882353,7.12
United States,6.884618929,8.17
Cameroon,6.891775039,5.61
El Salvador,6.892045484,4.81
Mauritius,6.892476847,7.81
Nigeria,6.89409005,5.6
Iran,6.894612535,6.02
Niger,6.895098039,5
Iceland,6.896223408,8.13
Zimbabwe,6.896909497,4.5
Philippines,6.898312018,6.76
Uruguay,6.898378225,7.15
Romania,6.898771239,7.47
Russia,6.898837955,6.54
Zimbabwe,6.9,6.01
Montenegro,6.901960784,7.25
Togo,6.902895763,5.55
Colombia,6.903734388,6.51
Russia,6.906827452,5.98
Bulgaria,6.906896137,7.17
Latvia,6.90907511,7.54
Jamaica,6.911008102,5.09
"Yemen, Rep.",6.913187225,6.17
Malaysia,6.917168884,7.36
Fiji,6.917883543,6.44
Cameroon,6.92045151,5.68
Cyprus,6.922867001,7.47
"Korea, South",6.923545823,7.46
Lithuania,6.924469066,7.44
Iceland,6.924662072,4.53
Central Afr. Rep.,6.926470588,5.19
Montenegro,6.926470588,7.04
Turkey,6.927486305,5.69
Bolivia,6.931739702,3.52
Barbados,6.935888682,6.15
Chad,6.938387562,5.23
"Korea, South",6.940262522,7.55
Cyprus,6.943693219,7.12
Unit. Arab Em.,6.944325349,7.2
Turkey,6.948039456,5.63
Taiwan,6.948396939,7.51
Cameroon,6.948418824,5.75
Taiwan,6.951916908,7.49
Madagascar,6.954258338,6.17
Iran,6.954937018,5.91
United States,6.956840151,7.88
Senegal,6.957970688,5.74
Latvia,6.958257524,7.69
United States,6.958431888,8.48
Belize,6.958850327,7.02
Niger,6.959809264,5.55
Cyprus,6.960495313,7.65
Egypt,6.961254928,6.14
Turkey,6.961686568,7.03
Lithuania,6.961974818,7.54
Colombia,6.962053214,4.62
Ghana,6.964617042,6.5
Mali,6.966644212,5.99
Ghana,6.966753486,6.52
Romania,6.966825613,6.31
South Africa,6.967100096,6.99
Unit. Arab Em.,6.967119467,7.35
Lithuania,6.967639045,7.5
Sri Lanka,6.971927421,4.76
Egypt,6.973705722,6.43
Brazil,6.976531135,6.17
Unit. Arab Em.,6.976678291,7.4
Singapore,6.978617588,7.42
Russia,6.97949884,5.9
Peru,6.97963564,7.43
"Korea, South",6.983060626,7.68
Belize,6.98427184,6.52
Panama,6.984552813,7.38
Taiwan,6.984838621,7.54
Bulgaria,6.985015567,7.37
Tanzania,6.985294118,6.62
Bulgaria,6.98536096,7.33
Thailand,6.98583507,5.83
Tunisia,6.986987653,6.68
Estonia,6.988095613,7.96
Brazil,6.99165603,6.46
"Congo, Dem. R.",6.993646818,5.16
Benin,6.997058824,6
Bulgaria,6.997073086,7.37
Zimbabwe,6.998350797,5.84
Cyprus,6.999492913,7.67
Bangladesh,7,4.45
Timor-Leste,7.000354516,6.89
Belize,7.000462052,6.81
Nigeria,7.000696963,6.39
Turkey,7.002757478,5.76
Armenia,7.003309536,7.57
Iceland,7.008718591,7.93
Tanzania,7.01128927,5.36
Uruguay,7.013634202,6.16
Romania,7.015163813,7.63
Romania,7.015460735,7.74
Belize,7.015975829,6.86
"Congo, Dem. R.",7.016138404,5.08
Zimbabwe,7.016318721,4.46
Sri Lanka,7.016819883,6.31
Sierra Leone,7.017647059,5.75
South Africa,7.019128801,7.08
Ghana,7.019694663,6.6
Bulgaria,7.019716166,7.4
Thailand,7.020287706,6.59
Sri Lanka,7.020828012,6.28
Cameroon,7.021186804,5.8
Bulgaria,7.023392636,7.41
Costa Rica,7.023882032,7.32
Latvia,7.024085513,7.61
Russia,7.025658941,5.55
Estonia,7.027855025,7.97
Vietnam,7.029411765,6.24
United States,7.031965112,8.62
Serbia,7.032414742,6.77
Turkey,7.034208206,6.86
Trinidad & Tob.,7.038187209,7.53
Vietnam,7.038235294,6.33
Ghana,7.03881231,6.41
Belize,7.042373817,6.9
Bahrain,7.043632794,7.47
Trinidad & Tob.,7.044455732,7.27
Trinidad & Tob.,7.045540151,7.58
Costa Rica,7.047144205,7.22
Nigeria,7.049961669,6.38
Tunisia,7.050671921,6.71
Unit. Arab Em.,7.051108673,7.71
United States,7.053522709,8.42
Cameroon,7.054467085,5.79
Thailand,7.057232957,6.58
Uruguay,7.060063341,7.14
Iceland,7.060758936,8.08
Central Afr. Rep.,7.061372015,5.2
Cyprus,7.062361938,7.07
Central Afr. Rep.,7.063804296,5.18
Guatemala,7.065651077,5.01
Colombia,7.065944613,6.66
Namibia,7.068493921,6.84
Central Afr. Rep.,7.070759254,5.11
South Africa,7.070932842,7.12
Armenia,7.070956595,7.59
"Yemen, Rep.",7.071275461,6.07
Turkey,7.075678635,5.84
Costa Rica,7.077659556,7.4
India,7.078305818,6.39
Kyrgyz Republic,7.079276344,6.93
Senegal,7.080882353,5.61
Belize,7.083060964,7.03
Thailand,7.08316679,6.69
"Congo, Dem. R.",7.084661003,5.78
Mexico,7.084921146,6.87
Ukraine,7.085854562,5.98
Nigeria,7.086182942,6.32
Kenya,7.089217022,7.07
Rwanda,7.089712561,6.38
Philippines,7.092799327,5.02
Chile,7.092963464,7.6
Cameroon,7.09545151,5.95
South Africa,7.095536144,7.05
United States,7.097838317,8.47
Sri Lanka,7.102666125,6.26
Tanzania,7.103686488,6.76
Iran,7.103892851,4.89
Cameroon,7.104275039,6.05
Cameroon,7.107216215,6.03
Lithuania,7.107981953,7.52
Mexico,7.108083294,6.83
Suriname,7.10869573,6.36
Mongolia,7.109886244,7.03
Cameroon,7.11162798,5.82
Taiwan,7.11204815,7.55
Taiwan,7.112251085,7.71
Namibia,7.11469267,6.79
Georgia,7.114775237,7.75
Egypt,7.122553285,6.59
Thailand,7.124827992,6.72
United States,7.126742626,8.18
Peru,7.126904783,3.87
Indonesia,7.130175993,6
"Congo, Dem. R.",7.131719827,5.67
United States,7.132840292,8.22
Costa Rica,7.13379548,7.46
Kyrgyz Republic,7.135893991,6.81
Rwanda,7.137247052,5.67
Russia,7.138872415,6.35
Senegal,7.13914365,6.23
Nigeria,7.14113814,6.39
India,7.141547123,6.52
Bulgaria,7.14178955,7.37
Pap. New Guinea,7.142254368,6.77
Nigeria,7.142655128,6.34
Mexico,7.143469295,6.6
Romania,7.144150277,7.45
Thailand,7.144454239,6.65
Russia,7.145380307,6.27
Georgia,7.146936323,6.96
Tanzania,7.147221866,6.85
Mali,7.147499566,5.99
Thailand,7.147607351,6.83
United States,7.147714309,8.42
Russia,7.147952396,6.52
Ghana,7.153987017,6.87
Thailand,7.155080308,6.73
Uruguay,7.157479782,7.26
Colombia,7.157761661,6.74
Taiwan,7.158087061,7.71
Thailand,7.161670111,6.62
Sierra Leone,7.162745098,5.36
Taiwan,7.162800355,7.7
"Congo, Dem. R.",7.163970588,4.61
Unit. Arab Em.,7.165648879,7.4
Benin,7.166666667,5.91
Taiwan,7.167374945,7.72
Thailand,7.17174601,6.61
Zimbabwe,7.177941176,5.06
Unit. Arab Em.,7.178093444,7.69
Lithuania,7.181097919,7.86
Panama,7.183082225,7.25
India,7.183490864,6.39
Indonesia,7.183507873,6.04
Mauritius,7.185393385,7.53
Kenya,7.18602703,7.1
"Congo, Dem. R.",7.188970588,4.64
Pakistan,7.189279852,5.55
Iran,7.199481087,5.04
Trinidad & Tob.,7.199731527,7.06
Colombia,7.20031255,6.82
Lithuania,7.200912131,7.72
Cyprus,7.20186929,7.73
Costa Rica,7.204325228,6.98
Senegal,7.205882353,6.2
Madagascar,7.205916641,5.87
Taiwan,7.206125318,7.89
Benin,7.209633102,6.03
India,7.210658759,6.47
Namibia,7.210929235,6.95
Nigeria,7.211885155,5.53
Uganda,7.21429919,6.92
Iran,7.214922263,4.96
Cyprus,7.215902465,7.33
Ecuador,7.216937811,6.02
Mozambique,7.220588235,5.88
Mali,7.223035209,6.09
Taiwan,7.224591599,7.76
Colombia,7.226234785,5.02
Colombia,7.227869703,6.27
Pap. New Guinea,7.228459273,6.83
Malawi,7.228485264,6.27
Taiwan,7.228868936,7.58
Mongolia,7.228900866,7.2
Lithuania,7.232764397,7.91
Ghana,7.232929957,6.55
Lithuania,7.233303802,7.86
Russia,7.236106411,6.24
United States,7.238888118,8.29
Peru,7.244341522,7.47
Indonesia,7.245798331,6.12
Uruguay,7.246009501,7.05
Singapore,7.249178764,7.08
Romania,7.250016028,7.32
Benin,7.25037844,6.04
Cyprus,7.258116285,7.77
Rwanda,7.261042094,5.96
Romania,7.263960571,7.03
Bahrain,7.264638319,7.39
Thailand,7.264795447,6.77
Togo,7.266970807,5.57
Cyprus,7.268393185,7.69
Uruguay,7.271143212,7
"Yemen, Rep.",7.272986456,6.19
Pakistan,7.273573039,5.61
Haiti,7.277017551,6.58
Chile,7.278891455,7.76
Tunisia,7.282747858,6.75
Ecuador,7.283546091,5.83
Ghana,7.284400545,6.76
Colombia,7.28761425,6.6
United States,7.288269804,8.41
Brazil,7.289832782,6.31
Seychelles,7.292656457,7.46
Colombia,7.294846931,6.7
Colombia,7.294949333,6.35
Ghana,7.29529572,6.75
Mexico,7.295439973,6.72
Chile,7.297649174,7.37
"Congo, Dem. R.",7.304683544,4.94
Mali,7.307363896,6.16
Tunisia,7.308376743,6.76
Turkey,7.310524523,6.54
Mauritius,7.312992918,7.45
Cyprus,7.31398142,7.71
Tanzania,7.314762736,6.92
Central Afr. Rep.,7.315612195,5.16
Uruguay,7.315649543,7.12
Cyprus,7.319824892,7.74
Cyprus,7.322077978,7.77
Namibia,7.322944452,6.93
Bolivia,7.323922181,6.57
Sierra Leone,7.325380152,6.27
Tanzania,7.328689051,6.92
Sri Lanka,7.331453832,6.25
Sierra Leone,7.331463376,4.93
Mexico,7.332022551,6.84
Sri Lanka,7.332039616,6.43
Pap. New Guinea,7.334078246,6.06
Pap. New Guinea,7.334312897,6.91
Pakistan,7.336193102,5.63
Zambia,7.3375,7.19
Sierra Leone,7.343137255,5.98
Chile,7.343538385,7.71
Uruguay,7.344406155,7.39
Pap. New Guinea,7.34446025,6.87
Jordan,7.345023241,7.45
Latvia,7.345160625,7.62
Turkey,7.350370652,6.44
Colombia,7.354318553,6.4
Cameroon,7.356480921,5.9
Thailand,7.358779942,6.69
Indonesia,7.359720433,5.8
Switzerland,7.360948939,8.2
Panama,7.363229284,7.58
Panama,7.363513413,7.86
Mexico,7.363661361,6.73
Liberia,7.364113374,6.56
Kyrgyz Republic,7.364721911,6.61
Switzerland,7.365972306,8.23
Switzerland,7.367298865,8.22
Cameroon,7.369716215,5.79
Uruguay,7.372014746,7.34
Mauritius,7.372497668,7.54
Panama,7.374258695,7.34
Moldova,7.374523161,6.91
"Congo, Dem. R.",7.375014174,5.18
Mexico,7.375364642,6.88
Unit. Arab Em.,7.375942997,7.56
Tanzania,7.376720087,6.76
Mexico,7.377568205,6.54
Georgia,7.377845007,7.42
Jordan,7.381609179,7.47
Peru,7.385942541,7.53
Romania,7.38660242,6.63
Rwanda,7.388284962,5.74
Nepal,7.39291909,6.12
Luxembourg,7.393819768,8.39
Sri Lanka,7.395072729,6.22
Sierra Leone,7.397058824,5.78
Vietnam,7.4,6.19
Uruguay,7.401014842,7.01
Mexico,7.403964978,6.85
Chad,7.404124593,5.16
Kenya,7.408090308,6.85
Belize,7.408377411,7.32
Paraguay,7.408535622,6.56
Panama,7.408817519,7.57
Switzerland,7.413801634,8.31
Guinea-Bissau,7.414705882,5.96
Thailand,7.418508575,6.8
Moldova,7.418623678,6.79
Pakistan,7.419564789,5.68
India,7.420688412,6.71
Switzerland,7.422625163,8.37
Fiji,7.423331152,7.04
Georgia,7.423791874,7.6
Venezuela,7.425178314,6.22
Switzerland,7.42556634,8.39
Mexico,7.427369408,6.78
"Gambia, The",7.428464134,7.24
Unit. Arab Em.,7.430030314,7.23
Taiwan,7.430398006,7.76
Uruguay,7.430458686,7.08
Jamaica,7.430473655,7.18
Belize,7.430774163,7.07
Jamaica,7.431249695,7.13
Argentina,7.431391608,6.19
Cameroon,7.431480921,6.08
Chile,7.431535502,7.74
Paraguay,7.436240192,6.37
Panama,7.445582225,7.24
Cyprus,7.446007749,7.56
"Congo, Dem. R.",7.446525886,3.93
Haiti,7.446870492,6.29
"Congo, Dem. R.",7.44743289,4.01
Indonesia,7.44910579,6.39
Cyprus,7.453776647,7.5
Zambia,7.454375701,7.05
Iran,7.456834028,5.4
Bhutan,7.461619694,7.02
Zimbabwe,7.461648501,4.55
Peru,7.461852067,7.52
New Zealand,7.464395405,8.84
Jamaica,7.465032479,7.25
Haiti,7.467458727,6.21
Bhutan,7.468850606,6.93
Kazakhstan,7.46987448,7.14
Uganda,7.470961797,5.09
Mexico,7.473016433,6.46
Mali,7.473053908,5.66
Kenya,7.474306309,6.93
"Gambia, The",7.475759865,7.22
"Gambia, The",7.475759865,7.34
Uruguay,7.478894138,6.74
Argentina,7.483452877,6.08
Kenya,7.483487956,6.74
Paraguay,7.484693919,6.5
Jamaica,7.485850434,5.62
Fiji,7.486368008,7.13
Mali,7.488235294,5.82
Nigeria,7.489893094,6.53
Niger,7.490529999,5.25
Pap. New Guinea,7.492254368,6.83
Trinidad & Tob.,7.493371337,7.38
Sri Lanka,7.493928756,6.39
Fiji,7.501809184,7.08
Latvia,7.501949431,7.76
Panama,7.502935166,7.48
Chile,7.503267751,7.76
Paraguay,7.504473874,6.41
Fiji,7.506220949,6.93
Mauritius,7.510213253,8.01
Peru,7.511486396,7.51
Kazakhstan,7.51348763,7.23
Kazakhstan,7.513578869,7.11
Sierra Leone,7.516176471,6.12
Uganda,7.517777435,6.85
Dominican Rep.,7.518787065,6.31
Uganda,7.519796842,7.11
Kazakhstan,7.520196516,7.26
Peru,7.525118208,7.64
Belize,7.526145637,7.34
India,7.532001011,6.57
Indonesia,7.532530722,5.56
Georgia,7.53387218,8.02
Uganda,7.537276666,6.94
Belize,7.537984974,7.12
Turkey,7.538116703,6.16
Uruguay,7.539876386,7.19
Switzerland,7.547175028,8.26
Kyrgyz Republic,7.552408819,6.96
Peru,7.554911905,7.42
Mauritius,7.556536783,8.02
Moldova,7.557391613,6.74
Nepal,7.557817759,6.12
Peru,7.558899663,7.62
Nicaragua,7.560012106,6.93
India,7.560062974,6.52
Belize,7.561601986,7.13
Mauritius,7.562419136,8.02
"Gambia, The",7.563259865,7.35
Argentina,7.56497265,5.99
Indonesia,7.57047753,5.86
Dominican Rep.,7.572335535,6.76
"Gambia, The",7.573553983,7.32
Paraguay,7.57506626,6.79
Switzerland,7.57679446,8.56
Mongolia,7.576947427,7.08
Uganda,7.578173153,7.14
Sierra Leone,7.579411765,6
Kazakhstan,7.581124853,7.04
Switzerland,7.581149781,8.5
Thailand,7.581373217,6.86
Indonesia,7.583684835,6.55
Jordan,7.586859201,7.46
Sierra Leone,7.588235294,6.18
Mongolia,7.588712133,6.81
Costa Rica,7.591183645,7.48
Indonesia,7.5922337,6.35
Switzerland,7.592384971,8.24
Peru,7.593686345,7.57
Chad,7.596281455,5.17
Jordan,7.597060827,7.48
Costa Rica,7.598125423,7.51
Vietnam,7.598794216,6.45
Nepal,7.600516494,5.86
Niger,7.601701662,5.32
Uganda,7.601767805,6.92
Georgia,7.603006629,7.87
Vietnam,7.604411765,6.32
Vietnam,7.607352941,6.42
Costa Rica,7.609154834,7.55
Kazakhstan,7.611674139,7.13
Indonesia,7.612702494,6.42
Gabon,7.614080782,5.71
Costa Rica,7.615586287,7.53
Paraguay,7.616096694,6.48
Indonesia,7.616252605,6.4
Nicaragua,7.616261783,7.09
Jamaica,7.616874369,7.14
Costa Rica,7.617305185,7.5
Vietnam,7.617647059,6.37
Switzerland,7.618616766,8.3
Jamaica,7.622802132,6.97
Peru,7.625106098,7.41
Mexico,7.625884547,6.78
Rwanda,7.627975351,6.09
Vietnam,7.629411765,6.3
Albania,7.63271776,6.53
"Yemen, Rep.",7.633775461,6.34
Georgia,7.635342769,7.98
Albania,7.635658936,6.6
Jamaica,7.640966179,7.3
Madagascar,7.641345297,5.88
Sierra Leone,7.644598493,6.18
Peru,7.645039656,4.62
Vietnam,7.647058824,6.4
Uganda,7.647794118,7.3
Kenya,7.655819515,6.9
Uganda,7.663970588,7.31
Madagascar,7.66424771,5.68
Georgia,7.665535844,7.11
Bangladesh,7.666666667,5.3
Haiti,7.667458727,6.54
Kyrgyz Republic,7.670504087,6.62
Uruguay,7.674767164,6.6
Madagascar,7.67548285,6.07
Sri Lanka,7.678728562,6.63
Trinidad & Tob.,7.689223268,7.49
India,7.689551984,6.54
Zambia,7.690210771,7.13
Zambia,7.695327777,7.13
Madagascar,7.701839237,6.19
Jamaica,7.702500401,7
Pakistan,7.704175879,5.85
Dominican Rep.,7.70565264,6.46
Sierra Leone,7.707043028,3.71
Kyrgyz Republic,7.710376774,6.67
Peru,7.711707656,7.39
Paraguay,7.713535143,6.72
Indonesia,7.716656535,6.84
Armenia,7.718468479,7.7
India,7.719442848,6.63
Guatemala,7.719866866,6.27
Albania,7.720415932,7.24
Paraguay,7.722342463,6.59
Benin,7.723117418,6.28
Indonesia,7.727237501,7.02
Peru,7.728145536,7.41
Argentina,7.728387142,6.28
Indonesia,7.728837749,7.01
Chad,7.729564033,5.44
Belize,7.730811562,7.27
Nicaragua,7.733088235,6.87
Albania,7.733408799,7.31
Albania,7.743789069,7.35
Peru,7.74486956,7.43
Armenia,7.747903501,7.31
Guatemala,7.747914329,7.15
Kenya,7.748813912,6.92
Nicaragua,7.749529171,6.99
Bhutan,7.749854988,6.99
Switzerland,7.752500664,8.73
Georgia,7.753333923,8.02
Paraguay,7.753514027,5.24
Guatemala,7.754311588,7.15
Thailand,7.755650719,7.07
India,7.761354613,6.23
Armenia,7.761518272,7.45
Kenya,7.762353743,6.94
Cote d'Ivoire,7.762396001,5.6
Kenya,7.768611943,6.77
Kenya,7.769724167,7.11
Indonesia,7.772704636,7
Argentina,7.775126947,7.34
Dominican Rep.,7.782200673,6.43
Chile,7.78247716,7.87
Switzerland,7.784706817,8.55
Paraguay,7.784904827,6.53
Bahamas,7.78594326,6.66
Bhutan,7.786619694,7.11
Indonesia,7.786700593,6.87
Peru,7.791165021,7.39
Mauritius,7.792441486,7.85
Mongolia,7.794434883,7.02
Niger,7.799353529,5.7
Kenya,7.801511731,7.09
Albania,7.803358188,7.27
Singapore,7.804023217,8.67
Venezuela,7.809810728,7.18
Indonesia,7.81093993,7.16
Panama,7.812416813,7.61
Kazakhstan,7.814461452,6.97
Dominican Rep.,7.816843849,6.5
Uruguay,7.817808287,6.33
Argentina,7.818144899,6.16
Niger,7.818961372,5.39
Kenya,7.819553241,7.1
Kenya,7.821194755,7.2
Kenya,7.822765738,7.12
Kenya,7.823737368,7.1
India,7.823854613,6.61
Costa Rica,7.827877064,7.57
India,7.829001671,6.36
Paraguay,7.830806219,6.45
Dominican Rep.,7.833163855,7.18
Kazakhstan,7.834591815,7.07
Dominican Rep.,7.834758929,7.26
Belize,7.836383847,7.37
Pakistan,7.836437068,6
Albania,7.838889779,6.97
Laos,7.840112728,6.91
Singapore,7.841166816,8.73
Kazakhstan,7.841174467,6.94
Turkey,7.84127764,6.43
Mauritius,7.843856981,8.12
Pakistan,7.844160581,6.09
Kyrgyz Republic,7.844296291,6.76
Cambodia,7.847095802,6.92
Dominican Rep.,7.850075619,7.24
Costa Rica,7.851228162,7.28
Armenia,7.851494384,7.42
Peru,7.852710771,7.5
Singapore,7.857738401,8.79
Pakistan,7.860701774,5.92
Jamaica,7.861501096,6.8
Cambodia,7.864580795,7.16
Zambia,7.867647059,7.15
Panama,7.868376342,7.49
Nicaragua,7.868382353,7.15
Peru,7.868889508,7.48
Switzerland,7.870653662,8.64
Cambodia,7.872060236,7.17
Mauritius,7.874389592,5.21
Chad,7.874712828,5.17
Switzerland,7.875409264,8.37
Philippines,7.877341746,6.95
Pakistan,7.877613538,5.89
Cambodia,7.878668456,6.98
Philippines,7.878782657,6.66
Chile,7.87994871,7.8
Chile,7.880263385,7.8
Armenia,7.880651312,7.36
Mongolia,7.881974275,7.17
Cambodia,7.882188652,7.08
Mauritius,7.885328178,7.98
Cambodia,7.886102261,7.2
Thailand,7.889384904,6.2
Haiti,7.895399904,6.79
Indonesia,7.895542154,6.85
Albania,7.896024691,7.48
Cambodia,7.897866967,7.17
Chile,7.899381032,7.79
Switzerland,7.906574073,8.43
Chile,7.909504728,7.89
Dominican Rep.,7.91175254,7.03
Mexico,7.915761741,6.9
Nepal,7.916691709,6.53
Dominican Rep.,7.91878611,7.24
Singapore,7.919425783,8.84
Mauritius,7.920135438,8.05
Chad,7.923732436,5.43
Albania,7.923799103,7.53
Nepal,7.933583159,6.45
Paraguay,7.933791473,6.74
Dominican Rep.,7.934148101,7.16
Albania,7.935563809,7.54
Romania,7.938663346,7.57
Rwanda,7.939193362,6.31
Argentina,7.94001531,6.84
Costa Rica,7.943386174,7.37
Chile,7.944547605,7.84
Paraguay,7.944882994,6.8
Mauritius,7.945287875,8.15
"Congo, Dem. R.",7.946525886,4.84
Chile,7.946816317,7.87
Indonesia,7.959514134,6.3
Mexico,7.964138798,6.26
Switzerland,7.966666281,8.42
Unit. Arab Em.,7.967854761,7.38
Singapore,7.969717771,8.7
Bolivia,7.970153549,6.97
Philippines,7.971262925,7
Malawi,7.973934267,6.12
Uganda,7.979758375,7.21
"Yemen, Rep.",7.980834284,6.33
Romania,7.986656515,7.24
Nicaragua,7.990441176,7.27
Pakistan,7.993478522,6.16
Guatemala,7.996173265,7.22
Chile,7.9961933,7.91
Dominican Rep.,7.997537301,7.18
Mongolia,7.999648709,7.4
Philippines,8.000225443,5.88
Chile,8.002938646,7.81
Mauritania,8.004411765,6.3
Singapore,8.006925783,8.84
Kazakhstan,8.007896786,7.15
Bolivia,8.011189734,6.88
Fiji,8.015521318,7.32
Honduras,8.026286264,6.75
Ecuador,8.027231928,5.99
Chile,8.028427669,7.88
Ecuador,8.029437811,5.94
Nicaragua,8.034558824,7.27
Moldova,8.036194369,6.73
Kyrgyz Republic,8.036301223,6.9
Albania,8.039741946,6.96
Cote d'Ivoire,8.041605225,5.87
Nicaragua,8.042756389,7.29
Greece,8.043122685,6.47
Bangladesh,8.043570773,5.72
Fiji,8.045191537,7.2
Zambia,8.05,7.34
Albania,8.050707245,7.14
Unit. Arab Em.,8.052413585,7.68
Armenia,8.05464227,7.69
Philippines,8.055114177,6.8
Bahamas,8.061198184,7.38
Unit. Arab Em.,8.061237114,7.58
Albania,8.064677342,7.2
Guatemala,8.065840219,5.81
Peru,8.067408569,7.48
Nicaragua,8.069143693,7.25
Bangladesh,8.069482289,5.81
Bangladesh,8.069482289,5.89
Bangladesh,8.069482289,5.91
Kyrgyz Republic,8.074685673,6.91
Panama,8.076687147,7.49
Guatemala,8.080780173,7.22
Nicaragua,8.085869247,7.12
Mongolia,8.085917214,7.06
Dominican Rep.,8.08718745,5.79
Guatemala,8.088924507,7.34
Guatemala,8.090531335,7.33
Sri Lanka,8.091021707,6.44
Singapore,8.092219901,8.64
Singapore,8.096631666,8.84
Kenya,8.097427472,7.03
Panama,8.098591637,7.55
Ecuador,8.102077657,5.68
Bangladesh,8.102901041,5.82
Bahamas,8.10367653,7.33
Guatemala,8.105876342,7.21
Madagascar,8.108507999,6.16
"Korea, South",8.11158002,5.84
Honduras,8.113235294,7.16
Costa Rica,8.115924026,7.37
Honduras,8.117911814,6.9
Philippines,8.118304215,7.05
Bahamas,8.120302913,7.49
Chad,8.12569322,5.44
Paraguay,8.126530629,6.91
Nepal,8.129503699,6.5
Armenia,8.130661965,7.55
Bahamas,8.132348934,7.38
Dominican Rep.,8.136454632,6.12
Bahamas,8.136836322,7.18
Bahamas,8.14129879,7.31
Cote d'Ivoire,8.141357031,5.68
Bahamas,8.14231591,6.72
Sierra Leone,8.147058824,6.22
Dominican Rep.,8.153311829,6.95
Bahamas,8.153730566,7.32
Argentina,8.153784454,6.33
Jordan,8.157767433,7.56
Madagascar,8.160662766,6.31
Kazakhstan,8.162494262,6.88
Mongolia,8.16950165,7.17
Bahamas,8.170175576,7.07
Panama,8.171156287,7.55
Singapore,8.173590329,8.64
Singapore,8.178671779,8.8
Pakistan,8.180880349,5.97
Paraguay,8.184618864,6.95
Bahamas,8.188234235,7.32
Mauritius,8.19172143,7.89
Armenia,8.19172744,7.56
Bahamas,8.192478763,6.41
Jordan,8.19778565,7.54
Philippines,8.197829356,7.1
Nepal,8.201470588,6.03
Spain,8.202887836,6.12
Uganda,8.208316355,7.38
Honduras,8.210294118,7.21
Peru,8.211755149,6.47
Paraguay,8.215630793,6.87
Nepal,8.216590933,6.36
Bahamas,8.217736201,6.75
Ecuador,8.220212717,6.31
Singapore,8.220248334,8.49
Argentina,8.22213095,6.95
Kyrgyz Republic,8.223098675,7.01
Mongolia,8.223913415,7.32
Paraguay,8.227106946,6.95
Mongolia,8.227589886,7.38
Philippines,8.229095208,6.72
Bahamas,8.230081432,7.46
Kyrgyz Republic,8.234175529,6.82
Fiji,8.237838596,7.26
Albania,8.238315435,7.22
Togo,8.241656399,5.65
Singapore,8.245922257,8.91
Ecuador,8.248004394,5.47
Sri Lanka,8.251502356,6.63
Honduras,8.252156767,6.92
Pakistan,8.256817837,6.09
Sri Lanka,8.26106118,6.49
Mali,8.262269594,5.95
Haiti,8.270833364,5.35
Guatemala,8.271588966,6.95
Bahamas,8.274221089,7.55
Panama,8.275363676,7.56
Bahamas,8.281449394,7.34
Philippines,8.286942126,6.86
Uganda,8.2875,7.41
Bahamas,8.287745318,7.58
Panama,8.289143151,7.54
"Yemen, Rep.",8.291863696,6.74
Honduras,8.294669781,6.87
Guatemala,8.295786843,7.05
Nicaragua,8.298126703,7.18
Jordan,8.299256238,7.65
Panama,8.300729284,7.57
Bahamas,8.302037629,7.35
Togo,8.306928977,5.81
Singapore,8.308823529,8.76
Turkey,8.311781755,6.29
Paraguay,8.314095179,6.89
Honduras,8.314225144,6.96
Honduras,8.316176471,7.13
Bahrain,8.317484908,7.56
Kazakhstan,8.325725276,6.98
Albania,8.330298659,6.85
Sri Lanka,8.336047444,6.77
Nepal,8.339800716,6.2
Haiti,8.340429754,7.06
Zambia,8.34089197,7.35
Pakistan,8.343677442,6.14
Nepal,8.355320236,6.18
Central Afr. Rep.,8.356053372,5.71
Sri Lanka,8.360659557,6.58
Cameroon,8.365749411,5.55
Singapore,8.366176471,8.77
Zimbabwe,8.366911765,4.5
Malawi,8.367631031,5.9
Sri Lanka,8.36827178,6.73
Haiti,8.371870492,6.76
Mauritius,8.388185206,7.96
Chad,8.389884052,5.58
Singapore,8.391843131,8.88
Sri Lanka,8.396599958,6.64
Bahamas,8.397058824,6.43
Uganda,8.407515227,7.44
El Salvador,8.408358711,7.14
Guatemala,8.410722872,6.89
Singapore,8.411764706,8.76
Cote d'Ivoire,8.414008655,5.78
Togo,8.417056971,5.64
El Salvador,8.417604004,7.2
Pakistan,8.418866215,6.15
El Salvador,8.42336135,7.09
Haiti,8.424076374,6.63
El Salvador,8.429051699,7.15
Haiti,8.430694021,6.51
Dominican Rep.,8.434327877,6.52
Madagascar,8.436070397,6.21
Uganda,8.437682321,7.26
Togo,8.43812629,5.65
Togo,8.438713953,5.67
Bahamas,8.45195845,6.28
Liberia,8.452151166,7.18
Niger,8.452456323,5.8
El Salvador,8.452581111,7.14
Uganda,8.454039905,7.36
Honduras,8.455281936,7.03
Madagascar,8.461398061,6.44
El Salvador,8.46197708,7.21
Guatemala,8.463260624,7.41
El Salvador,8.472697804,7.35
El Salvador,8.474616852,7.4
Bahamas,8.474871972,6.32
Laos,8.480737223,6.92
Laos,8.484856186,6.97
Liberia,8.488425676,6.87
Jamaica,8.488486383,7.5
Philippines,8.498841962,7.34
Pakistan,8.500120212,6.23
Bahamas,8.510057702,6.44
Haiti,8.512669876,6.47
Jamaica,8.521908402,7.53
Sri Lanka,8.52521037,6.62
Cote d'Ivoire,8.525655153,5.75
Philippines,8.528490143,7.54
Guatemala,8.532349576,6.85
Honduras,8.532352941,7.06
Philippines,8.536762702,7.43
Cote d'Ivoire,8.541831624,5.71
Bangladesh,8.545118177,6.3
Lebanon,8.545240112,6.96
Nicaragua,8.55,7.3
Philippines,8.551079901,7.4
Lebanon,8.562699187,6.97
Kenya,8.567166041,7.15
Costa Rica,8.573929752,7.56
Haiti,8.576618653,6.55
Nicaragua,8.578303815,7.31
Jamaica,8.580882353,7.4
El Salvador,8.581534677,7.47
Nicaragua,8.581617647,7.34
Albania,8.582485354,7.37
Nicaragua,8.58306359,7.36
El Salvador,8.587141117,7.64
El Salvador,8.587998468,7.53
Hong Kong,8.588454728,8.97
Togo,8.588503901,5.87
Philippines,8.593444462,7.27
Singapore,8.614974355,8.98
Hong Kong,8.61566061,8.97
Bangladesh,8.619207099,6.02
Philippines,8.620792595,7.22
Armenia,8.622289329,7.75
Hong Kong,8.62816061,9
Unit. Arab Em.,8.629619467,7.66
Lebanon,8.651655963,6.98
Pakistan,8.652520436,6.12
Jamaica,8.655142435,7.51
Lebanon,8.668506808,6.99
El Salvador,8.674726826,7.55
El Salvador,8.674878565,7.72
Jamaica,8.677712545,7.46
Pakistan,8.677756852,6.17
Jamaica,8.680178312,7.55
El Salvador,8.691176471,7.59
Paraguay,8.694775887,7.04
Jamaica,8.705424684,7.36
Honduras,8.710252424,7.39
Singapore,8.714305039,8.96
Philippines,8.717313116,5.3
El Salvador,8.72595711,7.52
Armenia,8.728674467,7.71
Haiti,8.729223433,6.66
Haiti,8.729223433,6.71
Jamaica,8.738907078,7.26
Madagascar,8.753676471,6.28
Costa Rica,8.755629909,7.76
Armenia,8.762804536,7.59
Uganda,8.770664267,7.28
Jamaica,8.77205575,7.32
Honduras,8.779411765,7.28
Lebanon,8.78321269,7.01
Philippines,8.791985725,7.02
Albania,8.79286087,7.21
Philippines,8.794117647,7.05
Madagascar,8.802542475,6.6
Costa Rica,8.804095558,7.59
Honduras,8.808823529,7.16
Jamaica,8.812477563,7.27
Hong Kong,8.825849267,8.96
Bangladesh,8.829677352,6.07
Guatemala,8.831769915,7.24
Mali,8.836512262,5.79
Bangladesh,8.843289664,6.24
Dominican Rep.,8.848999561,6.97
Bangladesh,8.851304769,6.37
Bangladesh,8.856489137,6.3
Bangladesh,8.862029942,6.33
Bangladesh,8.862175003,6.06
Honduras,8.867647059,7.28
Bangladesh,8.87423035,6.18
Dominican Rep.,8.881283335,6.82
Hong Kong,8.883248517,9.02
Hong Kong,8.887014717,8.34
Hong Kong,8.890999142,8.96
Romania,8.917503944,5.58
Singapore,8.920588235,8.92
Ecuador,8.930194464,5.86
Hong Kong,8.930817753,8.99
Honduras,8.937760458,7.35
Ecuador,8.938611196,6.25
Guatemala,8.943919298,7.22
El Salvador,8.960388283,7.57
Hong Kong,8.963240821,8.85
Madagascar,8.969117647,6.41
Togo,8.98795199,5.69
Ecuador,8.993619921,5.76
Niger,8.99543196,5.91
Hong Kong,8.997253004,8.8
Guatemala,8.99877715,6.69
Ecuador,9.003747713,6.25
Honduras,9.014705882,7.26
Honduras,9.034558824,7.35
Paraguay,9.063279515,6.24
Togo,9.064930451,5.86
Bangladesh,9.066396858,6.34
Hong Kong,9.082550819,9.05
Bangladesh,9.089537586,6.35
Bangladesh,9.090700056,6.3
Hong Kong,9.106245092,8.81
Guatemala,9.121531238,7.15
Lebanon,9.127366164,7.18
Chad,9.150203024,5.67
El Salvador,9.15440351,7.63
Mali,9.169845595,5.81
Hong Kong,9.170157477,8.42
El Salvador,9.17961137,7.64
Madagascar,9.21289304,6.48
Lebanon,9.220373858,7.21
Nepal,9.225,6.41
Hong Kong,9.249741545,9.11
Nepal,9.261764706,6.59
Japan,9.267629258,7.68
Hong Kong,9.302026273,9.16
Paraguay,9.305155119,5.94
Hong Kong,9.312385548,8.73
Hong Kong,9.316270923,8.89
Hong Kong,9.353996156,9.09
Hong Kong,9.354781432,8.92
Togo,9.394046775,6.03
Hong Kong,9.410247463,9.19
Sudan,9.441176471,5.36
Guatemala,9.460837951,7.65
Hong Kong,9.466260809,9.11
Guatemala,9.486573245,7.69
Guatemala,9.491720304,7.66
Guatemala,9.52848501,7.64
Hong Kong,9.621718319,8.34
Nigeria,9.64536663,4.28
Haiti,9.733082225,6.68
Hong Kong,9.747733028,8.72
Haiti,9.904650852,6.73